data;id;command
2020-09-16;1382982303;/start
2020-09-16;1382982303;/start
2020-09-16;1382982303;/start
2020-09-16;1382982303;/start
2020-09-16;1382982303;/start
2020-09-16;1382982303;/start
2020-09-16;1382982303;/start
2020-09-16;1382982303;/start
2020-09-16;1382982303;/—Å—Ç–∞—Ç–∏—Å—Ç–∏–∫–∞
2020-09-16;1382982303;/statistic
2020-09-16;1382982303;/statistic
2020-09-16;1382982303;/command
2020-09-16;1382982303;/command
2020-09-16;1382982303;/command
2020-09-16;1382982303;/command
2020-09-16;1382982303;/command
2020-09-16;1382982303;/start
2020-09-16;1382982303;c
2020-09-16;1382982303;/command
2020-09-16;1382982303;C—Ç–∞—Ç–∏—Å—Ç–∏–∫–∞ 2 –∫–æ–º–∞–Ω–¥—ã
2020-09-16;1382982303;/command
2020-09-16;1382982303;/start
2020-09-16;1382982303;/command
2020-09-16;1382982303;command
2020-09-16;1382982303;/command
2020-09-16;1382982303;/start
2020-09-16;1382982303;/command
2020-09-16;1382982303;C—Ç–∞—Ç–∏—Å—Ç–∏–∫–∞ 2 –∫–æ–º–∞–Ω–¥—ã
2020-09-16;1382982303;/start
2020-09-16;1382982303;/start
2020-09-16;1382982303;/start
2020-09-16;1382982303;–∞
2020-09-16;1382982303;C—Ç–∞—Ç–∏—Å—Ç–∏–∫–∞ 2 –∫–æ–º–∞–Ω–¥—ã
2020-09-16;1382982303;/start
2020-09-16;1382982303;–∞
2020-09-16;1382982303;C—Ç–∞—Ç–∏—Å—Ç–∏–∫–∞ 2 –∫–æ–º–∞–Ω–¥—ã
2020-09-16;896762328;
2020-09-16;1382982303;–î–ª—è –≤—ã–±–æ—Ä–∞ –≤–∞—Ä–∏–∞–Ω—Ç–∞ –Ω–∞–∂–º–∏ –Ω–∞ —Ü–∏—Ñ—Ä—É. üëá
2020-09-16;1382982303;"–ü–µ—Ä–µ—á–µ–Ω—å –Ω–µ–æ–±—Ö–æ–¥–∏–º—ã—Ö –¥–æ–∫—É–º–µ–Ω—Ç–æ–≤: ‚ò∫Ô∏è

1) –ê–Ω–∫–µ—Ç–∞ –∏ –°–æ–≥–ª–∞—Å–∏–µ –Ω–∞ –æ–±—Ä–∞–±–æ—Ç–∫—É –ø–µ—Ä—Å–æ–Ω–∞–ª—å–Ω—ã—Ö –¥–∞–Ω–Ω—ã—Ö (–Ω–µ–æ–±—Ö–æ–¥–∏–º–æ —Ä–∞—Å–ø–µ—á–∞—Ç–∞—Ç—å, –ø–æ–¥–ø–∏—Å–∞—Ç—å –æ—Ç —Ä—É–∫–∏ ‚úçÔ∏è –∏ –ø—Ä–∏–ª–æ–∂–∏—Ç—å –≤ –≤–∏–¥–µ —Å–∫–∞–Ω–∞ –∏–ª–∏ —Ñ–æ—Ç–æ);

2) –ü—Ä–∏–ª–æ–∂–µ–Ω–∏–µ –∫ –ê–Ω–∫–µ—Ç–µ –∫–∞–Ω–¥–∏–¥–∞—Ç–∞ (–Ω–µ–æ–±—Ö–æ–¥–∏–º–æ —Ä–∞—Å–ø–µ—á–∞—Ç–∞—Ç—å üñ® , –ø–æ–¥–ø–∏—Å–∞—Ç—å –æ—Ç —Ä—É–∫–∏ –∏ –ø—Ä–∏–ª–æ–∂–∏—Ç—å –≤ –≤–∏–¥–µ —Å–∫–∞–Ω–∞ –∏–ª–∏ —Ñ–æ—Ç–æ);

3) –î–µ–∫–ª–∞—Ä–∞—Ü–∏—è –ö–æ–¥–µ–∫—Å —ç—Ç–∏–∫–∏ (–Ω–µ–æ–±—Ö–æ–¥–∏–º–æ –∑–∞–ø–æ–ª–Ω–∏—Ç—å —Ç–æ–ª—å–∫–æ –≤ —Ç–æ–º —Å–ª—É—á–∞–µ, –µ—Å–ª–∏ –í—ã —è–≤–ª—è–µ—Ç–µ—Å—å —É—á—Ä–µ–¥–∏—Ç–µ–ª–µ–º –ò–ü, –û–û–û, –≤–ª–∞–¥–µ–µ—Ç–µ –¥–æ–ª—è–º–∏, –∞–∫—Ü–∏—è–º–∏ –∏–Ω–æ–π –∫–æ–º–ø–∞–Ω–∏–∏ (–∫—Ä–æ–º–µ –ø—É–±–ª–∏—á–Ω–æ –æ–±—Ä–∞—â–∞—é—â–∏—Ö—Å—è –Ω–∞ –æ—Ä–≥–∞–Ω–∏–∑–æ–≤–∞–Ω–Ω—ã—Ö —Ç–æ—Ä–≥–∞—Ö));

4) –ü–∞—Å–ø–æ—Ä—Ç (–≤—Å–µ —Å—Ç—Ä–∞–Ω–∏—Ü—ã —Å –∑–∞–ø–∏—Å—è–º–∏);

5) –ü—Ä–∏–ø–∏—Å–Ω–æ–µ —Å–≤–∏–¥–µ—Ç–µ–ª—å—Å—Ç–≤–æ / –í–æ–µ–Ω–Ω—ã–π –±–∏–ª–µ—Ç (–≤—Å–µ —Å—Ç—Ä–∞–Ω–∏—Ü—ã —Å –∑–∞–ø–∏—Å—è–º–∏);

6) –°—Ç—É–¥–µ–Ω—á–µ—Å–∫–∏–π –±–∏–ª–µ—Ç (—Å–ø—Ä–∞–≤–∫–∞ –∏–∑ –í–£–ó–∞) / –î–∏–ø–ª–æ–º;

7) –¢—Ä—É–¥–æ–≤–∞—è –∫–Ω–∏–∂–∫–∞ üìñ (–ª–∏–±–æ –∞–∫—Ç—É–∞–ª—å–Ω–∞—è –∫–æ–ø–∏—è);

8) –°–≤–∏–¥–µ—Ç–µ–ª—å—Å—Ç–≤–æ –ü–µ–Ω—Å–∏–æ–Ω–Ω–æ–≥–æ –°—Ç—Ä–∞—Ö–æ–≤–∞–Ω–∏—è (–°–ù–ò–õ–°);

9) –ò–ù–ù.

–§—É—Ö! –í—Å—ë! ü•≥"
2020-09-16;1382982303;"–£ —Ç–µ–±—è —É–∂–µ –≥–æ—Ç–æ–≤—ã —ç—Ç–∏ –¥–æ–∫—É–º–µ–Ω—Ç—ã? üßê

1 - –£ –º–µ–Ω—è –Ω–µ —Ö–≤–∞—Ç–∞–µ—Ç —á–∞—Å—Ç–∏ –¥–æ–∫—É–º–µ–Ω—Ç–æ–≤ ü§∑‚Äç‚ôÄÔ∏è

2 - –î–∞, —è –≤—Å–µ —É–∂–µ –ø–æ–¥–≥–æ—Ç–æ–≤–∏–ª"
2020-09-16;1382982303;–ü–æ–∂–∞–ª—É–π—Å—Ç–∞, üôè —Å–æ–æ–±—â–∏ –æ–± —ç—Ç–æ–º —Å–≤–æ–µ–º—É –∫—É—Ä–∞—Ç–æ—Ä—É –∏–∑ –¶–µ–Ω—Ç—Ä–∞ –ø–æ –ø–æ–¥–±–æ—Ä—É –ø–µ—Ä—Å–æ–Ω–∞–ª–∞ –ú–¢–° –ë–∞–Ω–∫–∞
2020-09-16;1382982303;
2020-09-16;1382982303;—Å—Å—ã–ª–∫–∞ https://davaj-znakomitsya-4.testograf.ru/
2020-09-16;1382982303;—Å—Å—ã–ª–∫–∞ https://davaj-znakomitsya-4.testograf.ru/
2020-09-16;1382982303;"–°—É–ø–µ—Ä! üëç –° –Ω–µ—Ç–µ—Ä–ø–µ–Ω–∏–µ–º –∂–¥—É –≤—Å—Ç—Ä–µ—á–∏ –≤ —Ç–≤–æ–π –ø–µ—Ä–≤—ã–π —Ä–∞–±–æ—á–∏–π –¥–µ–Ω—å! –ê –≤–æ—Ç –µ—â–µ –Ω–µ–º–Ω–æ–≥–æ –∏–Ω—Ñ–æ—Ä–º–∞—Ü–∏–∏, –∫–æ—Ç–æ—Ä–∞—è –ø—Ä–∏–≥–æ–¥–∏—Ç—Å—è —Ç–µ–±–µ –≤ –ø–µ—Ä–≤—ã–π —Ä–∞–±–æ—á–∏–π –¥–µ–Ω—å: üëå

1 - –û –ë–∞–Ω–∫–µ
2 - –°—Ö–µ–º–∞ –ø—Ä–æ–µ–∑–¥–∞
3 - –ö–∞–∫ –ø–æ–ª—É—á–∏—Ç—å –≤—Ä–µ–º–µ–Ω–Ω—ã–π –ø—Ä–æ–ø—É—Å–∫?
4 - –ö–∞–∫ –º–Ω–µ –æ–¥–µ—Ç—å—Å—è?
5 - –ß—Ç–æ —Ç–µ–±—è –∂–¥–µ—Ç –≤ –ø–µ—Ä–≤—ã–π —Ä–∞–±–æ—á–∏–π –¥–µ–Ω—å?
6 - –ö—Ç–æ —Ç–≤–æ–π –Ω–∞—Å—Ç–∞–≤–Ω–∏–∫ Buddy?"
2020-09-16;1382982303;
2020-09-16;1382982303;"–°—É–ø–µ—Ä! üëç –° –Ω–µ—Ç–µ—Ä–ø–µ–Ω–∏–µ–º –∂–¥—É –≤—Å—Ç—Ä–µ—á–∏ –≤ —Ç–≤–æ–π –ø–µ—Ä–≤—ã–π —Ä–∞–±–æ—á–∏–π –¥–µ–Ω—å! –ê –≤–æ—Ç –µ—â–µ –Ω–µ–º–Ω–æ–≥–æ –∏–Ω—Ñ–æ—Ä–º–∞—Ü–∏–∏, –∫–æ—Ç–æ—Ä–∞—è –ø—Ä–∏–≥–æ–¥–∏—Ç—Å—è —Ç–µ–±–µ –≤ –ø–µ—Ä–≤—ã–π —Ä–∞–±–æ—á–∏–π –¥–µ–Ω—å: üëå

1 - –û –ë–∞–Ω–∫–µ
2 - –°—Ö–µ–º–∞ –ø—Ä–æ–µ–∑–¥–∞
3 - –ö–∞–∫ –ø–æ–ª—É—á–∏—Ç—å –≤—Ä–µ–º–µ–Ω–Ω—ã–π –ø—Ä–æ–ø—É—Å–∫?
4 - –ö–∞–∫ –º–Ω–µ –æ–¥–µ—Ç—å—Å—è?
5 - –ß—Ç–æ —Ç–µ–±—è –∂–¥–µ—Ç –≤ –ø–µ—Ä–≤—ã–π —Ä–∞–±–æ—á–∏–π –¥–µ–Ω—å?
6 - –ö—Ç–æ —Ç–≤–æ–π –Ω–∞—Å—Ç–∞–≤–Ω–∏–∫ Buddy?"
2020-09-16;1382982303;
2020-09-16;1382982303;"–°—É–ø–µ—Ä! üëç –° –Ω–µ—Ç–µ—Ä–ø–µ–Ω–∏–µ–º –∂–¥—É –≤—Å—Ç—Ä–µ—á–∏ –≤ —Ç–≤–æ–π –ø–µ—Ä–≤—ã–π —Ä–∞–±–æ—á–∏–π –¥–µ–Ω—å! –ê –≤–æ—Ç –µ—â–µ –Ω–µ–º–Ω–æ–≥–æ –∏–Ω—Ñ–æ—Ä–º–∞—Ü–∏–∏, –∫–æ—Ç–æ—Ä–∞—è –ø—Ä–∏–≥–æ–¥–∏—Ç—Å—è —Ç–µ–±–µ –≤ –ø–µ—Ä–≤—ã–π —Ä–∞–±–æ—á–∏–π –¥–µ–Ω—å: üëå

1 - –û –ë–∞–Ω–∫–µ
2 - –°—Ö–µ–º–∞ –ø—Ä–æ–µ–∑–¥–∞
3 - –ö–∞–∫ –ø–æ–ª—É—á–∏—Ç—å –≤—Ä–µ–º–µ–Ω–Ω—ã–π –ø—Ä–æ–ø—É—Å–∫?
4 - –ö–∞–∫ –º–Ω–µ –æ–¥–µ—Ç—å—Å—è?
5 - –ß—Ç–æ —Ç–µ–±—è –∂–¥–µ—Ç –≤ –ø–µ—Ä–≤—ã–π —Ä–∞–±–æ—á–∏–π –¥–µ–Ω—å?
6 - –ö—Ç–æ —Ç–≤–æ–π –Ω–∞—Å—Ç–∞–≤–Ω–∏–∫ Buddy?"
2020-09-16;1382982303;
2020-09-16;1382982303;"–°—É–ø–µ—Ä! üëç –° –Ω–µ—Ç–µ—Ä–ø–µ–Ω–∏–µ–º –∂–¥—É –≤—Å—Ç—Ä–µ—á–∏ –≤ —Ç–≤–æ–π –ø–µ—Ä–≤—ã–π —Ä–∞–±–æ—á–∏–π –¥–µ–Ω—å! –ê –≤–æ—Ç –µ—â–µ –Ω–µ–º–Ω–æ–≥–æ –∏–Ω—Ñ–æ—Ä–º–∞—Ü–∏–∏, –∫–æ—Ç–æ—Ä–∞—è –ø—Ä–∏–≥–æ–¥–∏—Ç—Å—è —Ç–µ–±–µ –≤ –ø–µ—Ä–≤—ã–π —Ä–∞–±–æ—á–∏–π –¥–µ–Ω—å: üëå

1 - –û –ë–∞–Ω–∫–µ
2 - –°—Ö–µ–º–∞ –ø—Ä–æ–µ–∑–¥–∞
3 - –ö–∞–∫ –ø–æ–ª—É—á–∏—Ç—å –≤—Ä–µ–º–µ–Ω–Ω—ã–π –ø—Ä–æ–ø—É—Å–∫?
4 - –ö–∞–∫ –º–Ω–µ –æ–¥–µ—Ç—å—Å—è?
5 - –ß—Ç–æ —Ç–µ–±—è –∂–¥–µ—Ç –≤ –ø–µ—Ä–≤—ã–π —Ä–∞–±–æ—á–∏–π –¥–µ–Ω—å?
6 - –ö—Ç–æ —Ç–≤–æ–π –Ω–∞—Å—Ç–∞–≤–Ω–∏–∫ Buddy?"
2020-09-16;1382982303;
2020-09-16;1382982303;
2020-09-16;1382982303;"–°—É–ø–µ—Ä! üëç –° –Ω–µ—Ç–µ—Ä–ø–µ–Ω–∏–µ–º –∂–¥—É –≤—Å—Ç—Ä–µ—á–∏ –≤ —Ç–≤–æ–π –ø–µ—Ä–≤—ã–π —Ä–∞–±–æ—á–∏–π –¥–µ–Ω—å! –ê –≤–æ—Ç –µ—â–µ –Ω–µ–º–Ω–æ–≥–æ –∏–Ω—Ñ–æ—Ä–º–∞—Ü–∏–∏, –∫–æ—Ç–æ—Ä–∞—è –ø—Ä–∏–≥–æ–¥–∏—Ç—Å—è —Ç–µ–±–µ –≤ –ø–µ—Ä–≤—ã–π —Ä–∞–±–æ—á–∏–π –¥–µ–Ω—å: üëå

1 - –û –ë–∞–Ω–∫–µ
2 - –°—Ö–µ–º–∞ –ø—Ä–æ–µ–∑–¥–∞
3 - –ö–∞–∫ –ø–æ–ª—É—á–∏—Ç—å –≤—Ä–µ–º–µ–Ω–Ω—ã–π –ø—Ä–æ–ø—É—Å–∫?
4 - –ö–∞–∫ –º–Ω–µ –æ–¥–µ—Ç—å—Å—è?
5 - –ß—Ç–æ —Ç–µ–±—è –∂–¥–µ—Ç –≤ –ø–µ—Ä–≤—ã–π —Ä–∞–±–æ—á–∏–π –¥–µ–Ω—å?
6 - –ö—Ç–æ —Ç–≤–æ–π –Ω–∞—Å—Ç–∞–≤–Ω–∏–∫ Buddy?"
2020-09-16;896762328;–î–ª—è –≤—ã–±–æ—Ä–∞ –≤–∞—Ä–∏–∞–Ω—Ç–∞ –Ω–∞–∂–º–∏ –Ω–∞ —Ü–∏—Ñ—Ä—É. üëá
2020-09-16;1382982303;
2020-09-16;896762328;–ü–æ–∂–∞–ª—É–π—Å—Ç–∞, üôè —Å–æ–æ–±—â–∏ –æ–± —ç—Ç–æ–º —Å–≤–æ–µ–º—É –∫—É—Ä–∞—Ç–æ—Ä—É –∏–∑ –¶–µ–Ω—Ç—Ä–∞ –ø–æ –ø–æ–¥–±–æ—Ä—É –ø–µ—Ä—Å–æ–Ω–∞–ª–∞ –ú–¢–° –ë–∞–Ω–∫–∞
2020-09-16;1382982303;
2020-09-16;896762328;
2020-09-16;1382982303;–¢—ã —É–∂–µ –≤ –∫–æ–º–∞–Ω–¥–µ –ú–¢–° –ë–∞–Ω–∫–∞?
2020-09-16;1382982303;
2020-09-16;1382982303;
2020-09-16;1382982303;
2020-09-16;1382982303;
2020-09-16;896762328;—Å—Å—ã–ª–∫–∞ https://davaj-znakomitsya-4.testograf.ru/
2020-09-16;896762328;"–°—É–ø–µ—Ä! üëç –° –Ω–µ—Ç–µ—Ä–ø–µ–Ω–∏–µ–º –∂–¥—É –≤—Å—Ç—Ä–µ—á–∏ –≤ —Ç–≤–æ–π –ø–µ—Ä–≤—ã–π —Ä–∞–±–æ—á–∏–π –¥–µ–Ω—å! –ê –≤–æ—Ç –µ—â–µ –Ω–µ–º–Ω–æ–≥–æ –∏–Ω—Ñ–æ—Ä–º–∞—Ü–∏–∏, –∫–æ—Ç–æ—Ä–∞—è –ø—Ä–∏–≥–æ–¥–∏—Ç—Å—è —Ç–µ–±–µ –≤ –ø–µ—Ä–≤—ã–π —Ä–∞–±–æ—á–∏–π –¥–µ–Ω—å: üëå

1 - –û –ë–∞–Ω–∫–µ
2 - –°—Ö–µ–º–∞ –ø—Ä–æ–µ–∑–¥–∞
3 - –ö–∞–∫ –ø–æ–ª—É—á–∏—Ç—å –≤—Ä–µ–º–µ–Ω–Ω—ã–π –ø—Ä–æ–ø—É—Å–∫?
4 - –ö–∞–∫ –º–Ω–µ –æ–¥–µ—Ç—å—Å—è?
5 - –ß—Ç–æ —Ç–µ–±—è –∂–¥–µ—Ç –≤ –ø–µ—Ä–≤—ã–π —Ä–∞–±–æ—á–∏–π –¥–µ–Ω—å?
6 - –ö—Ç–æ —Ç–≤–æ–π –Ω–∞—Å—Ç–∞–≤–Ω–∏–∫ Buddy?"
2020-09-16;1382982303;"–°—É–ø–µ—Ä! üëç –° –Ω–µ—Ç–µ—Ä–ø–µ–Ω–∏–µ–º –∂–¥—É –≤—Å—Ç—Ä–µ—á–∏ –≤ —Ç–≤–æ–π –ø–µ—Ä–≤—ã–π —Ä–∞–±–æ—á–∏–π –¥–µ–Ω—å! –ê –≤–æ—Ç –µ—â–µ –Ω–µ–º–Ω–æ–≥–æ –∏–Ω—Ñ–æ—Ä–º–∞—Ü–∏–∏, –∫–æ—Ç–æ—Ä–∞—è –ø—Ä–∏–≥–æ–¥–∏—Ç—Å—è —Ç–µ–±–µ –≤ –ø–µ—Ä–≤—ã–π —Ä–∞–±–æ—á–∏–π –¥–µ–Ω—å: üëå

1 - –û –ë–∞–Ω–∫–µ
2 - –°—Ö–µ–º–∞ –ø—Ä–æ–µ–∑–¥–∞
3 - –ö–∞–∫ –ø–æ–ª—É—á–∏—Ç—å –≤—Ä–µ–º–µ–Ω–Ω—ã–π –ø—Ä–æ–ø—É—Å–∫?
4 - –ö–∞–∫ –º–Ω–µ –æ–¥–µ—Ç—å—Å—è?
5 - –ß—Ç–æ —Ç–µ–±—è –∂–¥–µ—Ç –≤ –ø–µ—Ä–≤—ã–π —Ä–∞–±–æ—á–∏–π –¥–µ–Ω—å?
6 - –ö—Ç–æ —Ç–≤–æ–π –Ω–∞—Å—Ç–∞–≤–Ω–∏–∫ Buddy?"
2020-09-16;1382982303;"–°—É–ø–µ—Ä! üëç –° –Ω–µ—Ç–µ—Ä–ø–µ–Ω–∏–µ–º –∂–¥—É –≤—Å—Ç—Ä–µ—á–∏ –≤ —Ç–≤–æ–π –ø–µ—Ä–≤—ã–π —Ä–∞–±–æ—á–∏–π –¥–µ–Ω—å! –ê –≤–æ—Ç –µ—â–µ –Ω–µ–º–Ω–æ–≥–æ –∏–Ω—Ñ–æ—Ä–º–∞—Ü–∏–∏, –∫–æ—Ç–æ—Ä–∞—è –ø—Ä–∏–≥–æ–¥–∏—Ç—Å—è —Ç–µ–±–µ –≤ –ø–µ—Ä–≤—ã–π —Ä–∞–±–æ—á–∏–π –¥–µ–Ω—å: üëå

1 - –û –ë–∞–Ω–∫–µ
2 - –°—Ö–µ–º–∞ –ø—Ä–æ–µ–∑–¥–∞
3 - –ö–∞–∫ –ø–æ–ª—É—á–∏—Ç—å –≤—Ä–µ–º–µ–Ω–Ω—ã–π –ø—Ä–æ–ø—É—Å–∫?
4 - –ö–∞–∫ –º–Ω–µ –æ–¥–µ—Ç—å—Å—è?
5 - –ß—Ç–æ —Ç–µ–±—è –∂–¥–µ—Ç –≤ –ø–µ—Ä–≤—ã–π —Ä–∞–±–æ—á–∏–π –¥–µ–Ω—å?
6 - –ö—Ç–æ —Ç–≤–æ–π –Ω–∞—Å—Ç–∞–≤–Ω–∏–∫ Buddy?"
2020-09-16;1382982303;"–°—É–ø–µ—Ä! üëç –° –Ω–µ—Ç–µ—Ä–ø–µ–Ω–∏–µ–º –∂–¥—É –≤—Å—Ç—Ä–µ—á–∏ –≤ —Ç–≤–æ–π –ø–µ—Ä–≤—ã–π —Ä–∞–±–æ—á–∏–π –¥–µ–Ω—å! –ê –≤–æ—Ç –µ—â–µ –Ω–µ–º–Ω–æ–≥–æ –∏–Ω—Ñ–æ—Ä–º–∞—Ü–∏–∏, –∫–æ—Ç–æ—Ä–∞—è –ø—Ä–∏–≥–æ–¥–∏—Ç—Å—è —Ç–µ–±–µ –≤ –ø–µ—Ä–≤—ã–π —Ä–∞–±–æ—á–∏–π –¥–µ–Ω—å: üëå

1 - –û –ë–∞–Ω–∫–µ
2 - –°—Ö–µ–º–∞ –ø—Ä–æ–µ–∑–¥–∞
3 - –ö–∞–∫ –ø–æ–ª—É—á–∏—Ç—å –≤—Ä–µ–º–µ–Ω–Ω—ã–π –ø—Ä–æ–ø—É—Å–∫?
4 - –ö–∞–∫ –º–Ω–µ –æ–¥–µ—Ç—å—Å—è?
5 - –ß—Ç–æ —Ç–µ–±—è –∂–¥–µ—Ç –≤ –ø–µ—Ä–≤—ã–π —Ä–∞–±–æ—á–∏–π –¥–µ–Ω—å?
6 - –ö—Ç–æ —Ç–≤–æ–π –Ω–∞—Å—Ç–∞–≤–Ω–∏–∫ Buddy?"
2020-09-16;1382982303;"–°—É–ø–µ—Ä! üëç –° –Ω–µ—Ç–µ—Ä–ø–µ–Ω–∏–µ–º –∂–¥—É –≤—Å—Ç—Ä–µ—á–∏ –≤ —Ç–≤–æ–π –ø–µ—Ä–≤—ã–π —Ä–∞–±–æ—á–∏–π –¥–µ–Ω—å! –ê –≤–æ—Ç –µ—â–µ –Ω–µ–º–Ω–æ–≥–æ –∏–Ω—Ñ–æ—Ä–º–∞—Ü–∏–∏, –∫–æ—Ç–æ—Ä–∞—è –ø—Ä–∏–≥–æ–¥–∏—Ç—Å—è —Ç–µ–±–µ –≤ –ø–µ—Ä–≤—ã–π —Ä–∞–±–æ—á–∏–π –¥–µ–Ω—å: üëå

1 - –û –ë–∞–Ω–∫–µ
2 - –°—Ö–µ–º–∞ –ø—Ä–æ–µ–∑–¥–∞
3 - –ö–∞–∫ –ø–æ–ª—É—á–∏—Ç—å –≤—Ä–µ–º–µ–Ω–Ω—ã–π –ø—Ä–æ–ø—É—Å–∫?
4 - –ö–∞–∫ –º–Ω–µ –æ–¥–µ—Ç—å—Å—è?
5 - –ß—Ç–æ —Ç–µ–±—è –∂–¥–µ—Ç –≤ –ø–µ—Ä–≤—ã–π —Ä–∞–±–æ—á–∏–π –¥–µ–Ω—å?
6 - –ö—Ç–æ —Ç–≤–æ–π –Ω–∞—Å—Ç–∞–≤–Ω–∏–∫ Buddy?"
2020-09-16;1382982303;"–°—É–ø–µ—Ä! üëç –° –Ω–µ—Ç–µ—Ä–ø–µ–Ω–∏–µ–º –∂–¥—É –≤—Å—Ç—Ä–µ—á–∏ –≤ —Ç–≤–æ–π –ø–µ—Ä–≤—ã–π —Ä–∞–±–æ—á–∏–π –¥–µ–Ω—å! –ê –≤–æ—Ç –µ—â–µ –Ω–µ–º–Ω–æ–≥–æ –∏–Ω—Ñ–æ—Ä–º–∞—Ü–∏–∏, –∫–æ—Ç–æ—Ä–∞—è –ø—Ä–∏–≥–æ–¥–∏—Ç—Å—è —Ç–µ–±–µ –≤ –ø–µ—Ä–≤—ã–π —Ä–∞–±–æ—á–∏–π –¥–µ–Ω—å: üëå

1 - –û –ë–∞–Ω–∫–µ
2 - –°—Ö–µ–º–∞ –ø—Ä–æ–µ–∑–¥–∞
3 - –ö–∞–∫ –ø–æ–ª—É—á–∏—Ç—å –≤—Ä–µ–º–µ–Ω–Ω—ã–π –ø—Ä–æ–ø—É—Å–∫?
4 - –ö–∞–∫ –º–Ω–µ –æ–¥–µ—Ç—å—Å—è?
5 - –ß—Ç–æ —Ç–µ–±—è –∂–¥–µ—Ç –≤ –ø–µ—Ä–≤—ã–π —Ä–∞–±–æ—á–∏–π –¥–µ–Ω—å?
6 - –ö—Ç–æ —Ç–≤–æ–π –Ω–∞—Å—Ç–∞–≤–Ω–∏–∫ Buddy?"
2020-09-16;1382982303;
2020-09-16;1382982303;
2020-09-16;1382982303;–¢—ã —É–∂–µ –≤ –∫–æ–º–∞–Ω–¥–µ –ú–¢–° –ë–∞–Ω–∫–∞?
2020-09-16;1382982303;"–°—É–ø–µ—Ä! üëç –° –Ω–µ—Ç–µ—Ä–ø–µ–Ω–∏–µ–º –∂–¥—É –≤—Å—Ç—Ä–µ—á–∏ –≤ —Ç–≤–æ–π –ø–µ—Ä–≤—ã–π —Ä–∞–±–æ—á–∏–π –¥–µ–Ω—å! –ê –≤–æ—Ç –µ—â–µ –Ω–µ–º–Ω–æ–≥–æ –∏–Ω—Ñ–æ—Ä–º–∞—Ü–∏–∏, –∫–æ—Ç–æ—Ä–∞—è –ø—Ä–∏–≥–æ–¥–∏—Ç—Å—è —Ç–µ–±–µ –≤ –ø–µ—Ä–≤—ã–π —Ä–∞–±–æ—á–∏–π –¥–µ–Ω—å: üëå

1 - –û –ë–∞–Ω–∫–µ
2 - –°—Ö–µ–º–∞ –ø—Ä–æ–µ–∑–¥–∞
3 - –ö–∞–∫ –ø–æ–ª—É—á–∏—Ç—å –≤—Ä–µ–º–µ–Ω–Ω—ã–π –ø—Ä–æ–ø—É—Å–∫?
4 - –ö–∞–∫ –º–Ω–µ –æ–¥–µ—Ç—å—Å—è?
5 - –ß—Ç–æ —Ç–µ–±—è –∂–¥–µ—Ç –≤ –ø–µ—Ä–≤—ã–π —Ä–∞–±–æ—á–∏–π –¥–µ–Ω—å?
6 - –ö—Ç–æ —Ç–≤–æ–π –Ω–∞—Å—Ç–∞–≤–Ω–∏–∫ Buddy?"
2020-09-16;1382982303;
2020-09-16;1382982303;
2020-09-16;1382982303;"–ò—Ç–∞–∫, –≤–æ—Ç 6 –Ω–æ–≤—ã—Ö –ø–æ–ª–µ–∑–Ω—ã—Ö —Ç–µ–º: üìã

1 ‚Äì –ì–¥–µ –ø–æ–ª—É—á–∏—Ç—å –ø—Ä–æ–ø—É—Å–∫?

2 ‚Äì –†–∞—Å–ø–æ—Ä—è–¥–æ–∫ –¥–Ω—è

3 ‚Äì –ß—Ç–æ —Ç–∞–∫–æ–µ –∫–æ—Ä–ø–æ—Ä–∞—Ç–∏–≤–Ω—ã–π –ø–æ—Ä—Ç–∞–ª?

4 ‚Äì –ì–¥–µ –Ω–∞–π—Ç–∏ –∫–æ–Ω—Ç–∞–∫—Ç—ã –∫–æ–ª–ª–µ–≥?

5 ‚Äì –ö–∞–∫ –ø–æ–¥–∫–ª—é—á–∏—Ç—å—Å—è –∫ –ø—Ä–∏–Ω—Ç–µ—Ä—É?

6 ‚Äì –ï—Å–ª–∏ —á—Ç–æ-—Ç–æ —Å–ª–æ–º–∞–ª–æ—Å—å –∏–ª–∏ –Ω–µ —Ä–∞–±–æ—Ç–∞–µ—Ç?"
2020-09-16;1382982303;"–°—É–ø–µ—Ä! üëç –° –Ω–µ—Ç–µ—Ä–ø–µ–Ω–∏–µ–º –∂–¥—É –≤—Å—Ç—Ä–µ—á–∏ –≤ —Ç–≤–æ–π –ø–µ—Ä–≤—ã–π —Ä–∞–±–æ—á–∏–π –¥–µ–Ω—å! –ê –≤–æ—Ç –µ—â–µ –Ω–µ–º–Ω–æ–≥–æ –∏–Ω—Ñ–æ—Ä–º–∞—Ü–∏–∏, –∫–æ—Ç–æ—Ä–∞—è –ø—Ä–∏–≥–æ–¥–∏—Ç—Å—è —Ç–µ–±–µ –≤ –ø–µ—Ä–≤—ã–π —Ä–∞–±–æ—á–∏–π –¥–µ–Ω—å: üëå

1 - –û –ë–∞–Ω–∫–µ
2 - –°—Ö–µ–º–∞ –ø—Ä–æ–µ–∑–¥–∞
3 - –ö–∞–∫ –ø–æ–ª—É—á–∏—Ç—å –≤—Ä–µ–º–µ–Ω–Ω—ã–π –ø—Ä–æ–ø—É—Å–∫?
4 - –ö–∞–∫ –º–Ω–µ –æ–¥–µ—Ç—å—Å—è?
5 - –ß—Ç–æ —Ç–µ–±—è –∂–¥–µ—Ç –≤ –ø–µ—Ä–≤—ã–π —Ä–∞–±–æ—á–∏–π –¥–µ–Ω—å?
6 - –ö—Ç–æ —Ç–≤–æ–π –Ω–∞—Å—Ç–∞–≤–Ω–∏–∫ Buddy?"
2020-09-16;1382982303;
2020-09-16;1382982303;–¢—ã —É–∂–µ –≤ –∫–æ–º–∞–Ω–¥–µ –ú–¢–° –ë–∞–Ω–∫–∞?
2020-09-16;896762328;"–°—É–ø–µ—Ä! üëç –° –Ω–µ—Ç–µ—Ä–ø–µ–Ω–∏–µ–º –∂–¥—É –≤—Å—Ç—Ä–µ—á–∏ –≤ —Ç–≤–æ–π –ø–µ—Ä–≤—ã–π —Ä–∞–±–æ—á–∏–π –¥–µ–Ω—å! –ê –≤–æ—Ç –µ—â–µ –Ω–µ–º–Ω–æ–≥–æ –∏–Ω—Ñ–æ—Ä–º–∞—Ü–∏–∏, –∫–æ—Ç–æ—Ä–∞—è –ø—Ä–∏–≥–æ–¥–∏—Ç—Å—è —Ç–µ–±–µ –≤ –ø–µ—Ä–≤—ã–π —Ä–∞–±–æ—á–∏–π –¥–µ–Ω—å: üëå

1 - –û –ë–∞–Ω–∫–µ
2 - –°—Ö–µ–º–∞ –ø—Ä–æ–µ–∑–¥–∞
3 - –ö–∞–∫ –ø–æ–ª—É—á–∏—Ç—å –≤—Ä–µ–º–µ–Ω–Ω—ã–π –ø—Ä–æ–ø—É—Å–∫?
4 - –ö–∞–∫ –º–Ω–µ –æ–¥–µ—Ç—å—Å—è?
5 - –ß—Ç–æ —Ç–µ–±—è –∂–¥–µ—Ç –≤ –ø–µ—Ä–≤—ã–π —Ä–∞–±–æ—á–∏–π –¥–µ–Ω—å?
6 - –ö—Ç–æ —Ç–≤–æ–π –Ω–∞—Å—Ç–∞–≤–Ω–∏–∫ Buddy?"
2020-09-16;896762328;"–ö–∞–∫ –º–Ω–µ –æ–¥–µ—Ç—å—Å—è?

–í –ú–¢–° –ë–∞–Ω–∫–µ –ø—Ä–∏–Ω—è—Ç —Å–ø–æ–∫–æ–π–Ω—ã–π —Å—Ç–∏–ª—å –≤ –æ–¥–µ–∂–¥–µ ‚Äì smart casual üíÉüï∫, –Ω–µ –æ—Ç–≤–ª–µ–∫–∞—é—â–∏–π –æ–∫—Ä—É–∂–∞—é—â–∏—Ö –æ—Ç —Ä–∞–±–æ—Ç—ã.

–î–µ–ª–æ–≤–æ–π —Å—Ç–∏–ª—å –º—ã —Ä–µ–∫–æ–º–µ–Ω–¥—É–µ–º –ø—Ä–∏ –≤—Å—Ç—Ä–µ—á–µ —Å –ø–∞—Ä—Ç–Ω–µ—Ä–∞–º–∏ –∏ –∫–ª–∏–µ–Ω—Ç–∞–º–∏."
2020-09-16;1382982303;"–ò—Ç–∞–∫, –≤–æ—Ç 6 –Ω–æ–≤—ã—Ö –ø–æ–ª–µ–∑–Ω—ã—Ö —Ç–µ–º: üìã

1 ‚Äì –ì–¥–µ –ø–æ–ª—É—á–∏—Ç—å –ø—Ä–æ–ø—É—Å–∫?

2 ‚Äì –†–∞—Å–ø–æ—Ä—è–¥–æ–∫ –¥–Ω—è

3 ‚Äì –ß—Ç–æ —Ç–∞–∫–æ–µ –∫–æ—Ä–ø–æ—Ä–∞—Ç–∏–≤–Ω—ã–π –ø–æ—Ä—Ç–∞–ª?

4 ‚Äì –ì–¥–µ –Ω–∞–π—Ç–∏ –∫–æ–Ω—Ç–∞–∫—Ç—ã –∫–æ–ª–ª–µ–≥?

5 ‚Äì –ö–∞–∫ –ø–æ–¥–∫–ª—é—á–∏—Ç—å—Å—è –∫ –ø—Ä–∏–Ω—Ç–µ—Ä—É?

6 ‚Äì –ï—Å–ª–∏ —á—Ç–æ-—Ç–æ —Å–ª–æ–º–∞–ª–æ—Å—å –∏–ª–∏ –Ω–µ —Ä–∞–±–æ—Ç–∞–µ—Ç?"
2020-09-16;1382982303;"–ï—Å–ª–∏ —á—Ç–æ-—Ç–æ —Å–ª–æ–º–∞–ª–æ—Å—å –∏–ª–∏ –Ω–µ —Ä–∞–±–æ—Ç–∞–µ—Ç?

–ï—Å–ª–∏ —Ç–µ–±–µ –Ω—É–∂–Ω–æ –ø–æ–¥–∫–ª—é—á–∏—Ç—å –¥–æ–ø–æ–ª–Ω–∏—Ç–µ–ª—å–Ω—ã–µ –¥–æ—Å—Ç—É–ø—ã –∫ —Å–µ—Ç–µ–≤—ã–º –ø–∞–ø–∫–∞–º, –Ω–µ–æ–±—Ö–æ–¥–∏–º–æ –¥–æ–ø–æ–ª–Ω–∏—Ç–µ–ª—å–Ω–æ–µ –ü–û –∏–ª–∏ –ø—Ä–æ—Å—Ç–æ —á—Ç–æ-—Ç–æ –Ω–µ —Ä–∞–±–æ—Ç–∞–µ—Ç - —Å–º–µ–ª–æ ü¶æ –æ–±—Ä–∞—â–∞–π—Å—è –Ω–∞ Help Desküëá

helpdesk@mtsbank.ru –î–æ–±.: 1-75-75(5)"
2020-09-16;896762328;"–°—É–ø–µ—Ä! üëç –° –Ω–µ—Ç–µ—Ä–ø–µ–Ω–∏–µ–º –∂–¥—É –≤—Å—Ç—Ä–µ—á–∏ –≤ —Ç–≤–æ–π –ø–µ—Ä–≤—ã–π —Ä–∞–±–æ—á–∏–π –¥–µ–Ω—å! –ê –≤–æ—Ç –µ—â–µ –Ω–µ–º–Ω–æ–≥–æ –∏–Ω—Ñ–æ—Ä–º–∞—Ü–∏–∏, –∫–æ—Ç–æ—Ä–∞—è –ø—Ä–∏–≥–æ–¥–∏—Ç—Å—è —Ç–µ–±–µ –≤ –ø–µ—Ä–≤—ã–π —Ä–∞–±–æ—á–∏–π –¥–µ–Ω—å: üëå

1 - –û –ë–∞–Ω–∫–µ
2 - –°—Ö–µ–º–∞ –ø—Ä–æ–µ–∑–¥–∞
3 - –ö–∞–∫ –ø–æ–ª—É—á–∏—Ç—å –≤—Ä–µ–º–µ–Ω–Ω—ã–π –ø—Ä–æ–ø—É—Å–∫?
4 - –ö–∞–∫ –º–Ω–µ –æ–¥–µ—Ç—å—Å—è?
5 - –ß—Ç–æ —Ç–µ–±—è –∂–¥–µ—Ç –≤ –ø–µ—Ä–≤—ã–π —Ä–∞–±–æ—á–∏–π –¥–µ–Ω—å?
6 - –ö—Ç–æ —Ç–≤–æ–π –Ω–∞—Å—Ç–∞–≤–Ω–∏–∫ Buddy?"
2020-09-16;1382982303;"–Ø —Ä–∞–¥, —á—Ç–æ —Ç—ã –∑–¥–µ—Å—å. ü§ó –£ –º–µ–Ω—è –µ—Å—Ç—å –µ—â–µ –Ω–µ–º–Ω–æ–≥–æ –ø–æ–ª–µ–∑–Ω–æ–π –∏–Ω—Ñ–æ—Ä–º–∞—Ü–∏–∏ üìö –¥–ª—è —Ç–µ–±—è.

7 - –ï—Å–ª–∏ –Ω—É–∂–Ω–∞ –∫–∞–Ω—Ü–µ–ª—è—Ä–∏—è

8 - –ö—É–¥–∞ –ø–æ–π—Ç–∏ –ø–æ–æ–±–µ–¥–∞—Ç—å?

9 - –ö–∞–∫ –ø–æ–ª—É—á–∏—Ç—å –∑–∞—Ä–ø–ª–∞—Ç–Ω—É—é –∫–∞—Ä—Ç—É?

10 - –ö–∞–∫ –æ—Ñ–æ—Ä–º–∏—Ç—å —Ç–∞—Ä–∏—Ñ ¬´Smart –¥–ª—è —Å–≤–æ–∏—Ö¬ª?

11 - –ê –î–ú–° –±—É–¥–µ—Ç?

12 - –ó–∞–¥–∞—á–∏ –Ω–∞ –ò—Å–ø—ã—Ç–∞—Ç–µ–ª—å–Ω—ã–π –°—Ä–æ–∫. (–ò–°)"
2020-09-16;1382982303;"–ó–∞–¥–∞—á–∏ –Ω–∞ –ò—Å–ø—ã—Ç–∞—Ç–µ–ª—å–Ω—ã–π –°—Ä–æ–∫.

–í –ø–µ—Ä–≤—ã–µ —Ä–∞–±–æ—á–∏–µ –¥–Ω–∏ —Ç–µ–±–µ –ø—Ä–µ–¥—Å—Ç–æ–∏—Ç –≤—Å—Ç—Ä–µ—Ç–∏—Ç—å—Å—è —Å —Ä—É–∫–æ–≤–æ–¥–∏—Ç–µ–ª–µ–º ü¶∏‚Äç‚ôÇÔ∏è –∏ –ø—Ä–æ–≥–æ–≤–æ—Ä–∏—Ç—å –∑–∞–¥–∞—á–∏ –Ω–∞ –∏—Å–ø—ã—Ç–∞—Ç–µ–ª—å–Ω—ã–π —Å—Ä–æ–∫.

–î–ª—è —É–¥–æ–±—Å—Ç–≤–∞, –≤ –∫–∞–ª–µ–Ω–¥–∞—Ä–µ üìÜ –∞–≤—Ç–æ–º–∞—Ç–∏—á–µ—Å–∫–∏ –ø–æ—è–≤–∏—Ç—Å—è –≤—Å—Ç—Ä–µ—á–∞.


–ü–æ–∂–∞–ª—É–π—Å—Ç–∞ üôè , –æ—Ç–Ω–µ—Å–∏—Å—å –æ—Ç–≤–µ—Ç—Å—Ç–≤–µ–Ω–Ω–æ –∫ —ç—Ç–æ–º—É –≤–æ–ø—Ä–æ—Å—É. –í–µ–¥—å –∑–∞–¥–∞—á–∏, –æ–≥–æ–≤–æ—Ä–µ–Ω–Ω—ã–µ —Å —Ä—É–∫–æ–≤–æ–¥–∏—Ç–µ–ª–µ–º - —ç—Ç–æ —Ç–µ –∫—Ä–∏—Ç–µ—Ä–∏–∏, –ø–æ –∫–æ—Ç–æ—Ä—ã–º –æ–Ω –±—É–¥–µ—Ç –æ—Ü–µ–Ω–∏–≤–∞—Ç—å —Ç–≤–æ—é —Ä–∞–±–æ—Ç—É, –ø–æ–¥–≤–æ–¥—è –∏—Ç–æ–≥–∏ –∏—Å–ø—ã—Ç–∞—Ç–µ–ª—å–Ω–æ–≥–æ —Å—Ä–æ–∫–∞. üéØ


–ü–æ—Å–ª–µ –æ–±—Å—É–∂–¥–µ–Ω–∏—è —Å —Ä—É–∫–æ–≤–æ–¥–∏—Ç–µ–ª–µ–º, —Ç–µ–±–µ –Ω–µ–æ–±—Ö–æ–¥–∏–º–æ –≤–Ω–µ—Å—Ç–∏ –∑–∞–¥–∞—á–∏ –≤ —Å–ø–µ—Ü–∏–∞–ª—å–Ω—É—é —Ñ–æ—Ä–º—É –Ω–∞ –ø–æ—Ä—Ç–∞–ª–µ –≤ —Ä–∞–∑–¥–µ–ª–µ ¬´–ê–¥–∞–ø—Ç–∞—Ü–∏—è¬ª. üíª"
2020-09-16;1382982303;"–ù–∞–≤–µ—Ä–Ω–æ–µ –¥–ª—è –ø–µ—Ä–≤–æ–≥–æ –¥–Ω—è –¥–æ—Å—Ç–∞—Ç–æ—á–Ω–æ? ü§î

–ò–ª–∏ —Ö–æ—á–µ—à—å —É–∑–Ω–∞—Ç—å –±–æ–ª—å—à–µ –ø–æ–ª–µ–∑–Ω–æ—Å—Ç–µ–π? üìö"
2020-09-16;1382982303;"–ù–∞–≤–µ—Ä–Ω–æ–µ –¥–ª—è –ø–µ—Ä–≤–æ–≥–æ –¥–Ω—è –¥–æ—Å—Ç–∞—Ç–æ—á–Ω–æ? ü§î

–ò–ª–∏ —Ö–æ—á–µ—à—å —É–∑–Ω–∞—Ç—å –±–æ–ª—å—à–µ –ø–æ–ª–µ–∑–Ω–æ—Å—Ç–µ–π? üìö"
2020-09-16;1382982303;"–ù—É —á—Ç–æ, –ø—Ä–æ–¥–æ–ª–∂–∏–º? üòÄ –í–æ—Ç –µ—â–µ 6 –ø–æ–ª–µ–∑–Ω—ã—Ö —Ç–µ–º. üìñ

13 - Welcome-—Ç—Ä–µ–Ω–∏–Ω–≥

14 - –°–ø—Ä–∞–≤–∫–∞ 182–ù –∏ –¥—Ä—É–≥–∏–µ –∫–∞–¥—Ä–æ–≤—ã–µ –≤–æ–ø—Ä–æ—Å—ã

15 - –†–µ—Ñ–µ—Ä–∞–ª—å–Ω–∞—è –ø—Ä–æ–≥—Ä–∞–º–º–∞ - —Å–æ–∑–¥–∞–µ–º –∫–æ–º–∞–Ω–¥—É –µ–¥–∏–Ω–æ–º—ã—à–ª–µ–Ω–Ω–∏–∫–æ–≤

16 - –≠–ª–µ–∫—Ç—Ä–æ–Ω–Ω—ã–µ –∫—É—Ä—Å—ã

17 - –ö–∞–∫ –Ω–∞—Å—Ç—Ä–æ–∏—Ç—å –ø–æ–¥–ø–∏—Å—å –≤ —ç–ª–µ–∫—Ç—Ä–æ–Ω–Ω–æ–π –ø–æ—á—Ç–µ Outlook?

18 - –ö–∞–∫ –∑–∞–∫–∞–∑–∞—Ç—å –≤–∏–∑–∏—Ç–∫–∏?"
2020-09-16;1382982303;"–ö–∞–∫ –∑–∞–∫–∞–∑–∞—Ç—å –≤–∏–∑–∏—Ç–∫–∏?

–ï—Å–ª–∏ —Ç–µ–±–µ –Ω—É–∂–Ω—ã –≤–∏–∑–∏—Ç–Ω—ã–µ –∫–∞—Ä—Ç–æ—á–∫–∏, –≤—Å—ë –ø—Ä–æ—Å—Ç–æ: üëå

1. –ó–∞–ø–æ–ª–Ω–∏ –ë–ª–∞–Ω–∫-–ó–∞—è–≤–∫—É üìÉ –Ω–∞ –≤–∏–∑–∏—Ç–Ω—ã–µ –∫–∞—Ä—Ç–æ—á–∫–∏ (—Ñ–∞–π–ª –º–æ–∂–Ω–æ –Ω–∞–π—Ç–∏ –Ω–∞ –ø–æ—Ä—Ç–∞–ª–µ)

2. –û—Ç–ø—Ä–∞–≤—å üöÄ –∑–∞–ø–æ–ª–Ω–µ–Ω–Ω—É—é –ë–ª–∞–Ω–∫-–ó–∞—è–≤–∫—É –Ω–∞ –ø–æ—á—Ç—É –ú–∏—Ö–∞–ª—å—á–µ–Ω–∫–æ –ú–∞—Ä–∏–∏ (–≤–Ω. —Ç–µ–ª. - 14251).

3. –ï—Å–ª–∏ —Ç–≤–æ—è –¥–æ–ª–∂–Ω–æ—Å—Ç—å –Ω–∏–∂–µ –¥–æ–ª–∂–Ω–æ—Å—Ç–∏ –ù–∞—á–∞–ª—å–Ω–∏–∫–∞ –æ—Ç–¥–µ–ª–∞, –Ω–µ–æ–±—Ö–æ–¥–∏–º–æ –æ—Ç–ø—Ä–∞–≤–∏—Ç—å –∑–∞–ø–æ–ª–Ω–µ–Ω–Ω—É—é –ë–ª–∞–Ω–∫-–ó–∞—è–≤–∫—É —Å –ø–∏—Å—å–º–æ–º-—Å–æ–≥–ª–∞—Å–æ–≤–∞–Ω–∏–µ–º —Å–≤–æ–µ–≥–æ —Ä—É–∫–æ–≤–æ–¥–∏—Ç–µ–ª—è. ü¶∏‚Äç‚ôÇÔ∏è"
2020-09-16;1382982303;"–Ø —Ä–∞–¥ –±—ã—Ç—å —Ç–µ–±–µ –ø–æ–ª–µ–∑–Ω—ã–º. ‚ò∫Ô∏è –í–æ—Ç –µ—â–µ –Ω–µ–º–Ω–æ–≥–æ –∏–Ω—Ñ–æ—Ä–º–∞—Ü–∏–∏.

19 - –®–∞–±–ª–æ–Ω –ø—Ä–µ–∑–µ–Ω—Ç–∞—Ü–∏–∏: —Å–∫–∞—á–∞–π –∏ –ø–æ–ª—å–∑—É–π—Å—è!

20 - –ö–∞–∫ –∑–∞–∫–∞–∑–∞—Ç—å –ø—Ä–æ–ø—É—Å–∫ –¥–ª—è –≥–æ—Å—Ç—è?

21 - –ö–∞–∫ –∑–∞–±—Ä–æ–Ω–∏—Ä–æ–≤–∞—Ç—å –ø–µ—Ä–µ–≥–æ–≤–æ—Ä–Ω—É—é?"
2020-09-16;1382982303;"üí° –í–∞–∂–Ω–∞—è –∏–Ω—Ñ–æ—Ä–º–∞—Ü–∏—è!


 üëâ –õ–æ–∫–∞—Ü–∏–∏ ¬´–ú–µ–¥–∏–∞—Ä—É–º¬ª –∏ ¬´–û–±—å¬ª –±—Ä–æ–Ω–∏—Ä—É—é—Ç—Å—è —Ç–æ–ª—å–∫–æ –ø–æ—Å–ª–µ –ø–æ–¥—Ç–≤–µ—Ä–∂–¥–µ–Ω–∏—è —Å–æ—Ç—Ä—É–¥–Ω–∏–∫–æ–º –¶–µ–Ω—Ç—Ä–∞ –æ–±—É—á–µ–Ω–∏—è –ö–æ—Ä–ø–æ—Ä–∞—Ç–∏–≤–Ω–æ–≥–æ —É–Ω–∏–≤–µ—Ä—Å–∏—Ç–µ—Ç–∞ –ë–∞–Ω–∫–∞ (–æ—Ç–±–∏–≤–∫–∞ –ø—Ä–∏—Ö–æ–¥–∏—Ç –∞–≤—Ç–æ–º–∞—Ç–∏—á–µ—Å–∫–∏).


üëâ –ü–µ—Ä–µ–≥–æ–≤–æ—Ä–Ω–∞—è #1 –≤ –∫–æ–≤–æ—Ä–∫–∏–Ω–≥–µ –±—Ä–æ–Ω–∏—Ä—É–µ—Ç—Å—è —Ç–æ–ª—å–∫–æ —á–µ—Ä–µ–∑ —Å–µ–∫—Ä–µ—Ç–∞—Ä–µ–π –ü—Ä–µ–¥–ø—Ä–∞–≤–ª–µ–Ω–∏—è.


üëâ –ë—Ä–æ–Ω—å –ø–µ—Ä–µ–≥–æ–≤–æ—Ä–Ω—ã—Ö (–∑–∞ –∏—Å–∫–ª—é—á–µ–Ω–∏–µ–º ¬´–ú–µ–¥–∏–∞—Ä—É–º–∞¬ª –∏ –ø–µ—Ä–µ–≥–æ–≤–æ—Ä–Ω–æ–π #1) –æ—Å—É—â–µ—Å—Ç–≤–ª—è–µ—Ç—Å—è –Ω–µ –¥–∞–ª—å—à–µ, —á–µ–º –Ω–∞ 3 –º–µ—Å—è—Ü–∞ –≤–ø–µ—Ä–µ–¥.


–í —Å–ª—É—á–∞–µ –æ—Ç–º–µ–Ω—ã –≤—Å—Ç—Ä–µ—á–∏, –æ—á–µ–Ω—å –ø—Ä–æ—Å–∏–º üôè –≤–∞—Å —É–¥–∞–ª–∏—Ç—å –µ–µ –∏–∑ Outlook. –¢–∞–∫ –º—ã —Å–º–æ–∂–µ–º —Å–¥–µ–ª–∞—Ç—å –ø—Ä–æ—Ü–µ—Å—Å –±—Ä–æ–Ω–∏—Ä–æ–≤–∞–Ω–∏—è –ª–æ–∫–∞—Ü–∏–π –ë–∞–Ω–∫–∞ –µ—â–µ —ç—Ñ—Ñ–µ–∫—Ç–∏–≤–Ω–µ–µ."
2020-09-16;1382982303;
2020-09-16;1382982303;–û–≥–æ! –ê —è —Ç—É—Ç —Å–æ–≤—Å–µ–º –∑–∞—Å–∫—É—á–∞–ª üòî. –ú–æ–∂–µ—Ç —Ç–µ–±–µ –Ω—É–∂–Ω–∞ –ø–æ–º–æ—â—å? üëã
2020-09-16;1382982303;–°–ø–∞—Å–∏–±–æ –∑–∞ –æ–±—Ä–∞—Ç–Ω—É—é —Å–≤—è–∑—å! ü§ù
2020-09-16;1382982303;
2020-09-16;896762328;"–ö—Ç–æ —Ç–≤–æ–π –Ω–∞—Å—Ç–∞–≤–Ω–∏–∫ Buddy? üíÅ

–í –ú–¢–° –ë–∞–Ω–∫–µ –¥–µ–π—Å—Ç–≤—É–µ—Ç –ø—Ä–æ–≥—Ä–∞–º–º–∞ –Ω–∞—Å—Ç–∞–≤–Ω–∏—á–µ—Å—Ç–≤–∞ ¬´Buddy¬ª. –í –ø–µ—Ä–≤—ã–π —Ä–∞–±–æ—á–∏–π –¥–µ–Ω—å —Å —Ç–æ–±–æ–π —Å–≤—è–∂–µ—Ç—Å—è –Ω–∞—Å—Ç–∞–≤–Ω–∏–∫, –∫–æ—Ç–æ—Ä—ã–π –ø–æ–º–æ–∂–µ—Ç —Å–æ—Ä–∏–µ–Ω—Ç–∏—Ä–æ–≤–∞—Ç—å—Å—è –≤ –æ—Ñ–∏—Å–Ω–æ–º –ø—Ä–æ—Å—Ç—Ä–∞–Ω—Å—Ç–≤–µ, —Ä–∞—Å—Å–∫–∞–∂–µ—Ç –æ –ë–∞–Ω–∫–µ –∏ –º–µ—Ä–æ–ø—Ä–∏—è—Ç–∏—è—Ö, –∫–æ—Ç–æ—Ä—ã–µ –∂–¥—É—Ç —Ç–µ–±—è –≤ –ø–µ—Ä–≤—ã–µ –º–µ—Å—è—Ü—ã —Ä–∞–±–æ—Ç—ã, –æ—Ç–≤–µ—Ç–∏—Ç –Ω–∞ –≤—Å–µ —Ç–≤–æ–∏ –≤–æ–ø—Ä–æ—Å—ã.

–ù–∞—Å—Ç–∞–≤–Ω–∏–∫–∏ –Ω–∞–∑–Ω–∞—á–∞—é—Ç—Å—è –∏–∑ —á–∏—Å–ª–∞ –æ–ø—ã—Ç–Ω—ã—Ö —Å–æ—Ç—Ä—É–¥–Ω–∏–∫–æ–≤ –ë–∞–Ω–∫–∞, –∏–∑ —Å–∞–º—ã—Ö —Ä–∞–∑–ª–∏—á–Ω—ã—Ö –ø–æ–¥—Ä–∞–∑–¥–µ–ª–µ–Ω–∏–π. –≠—Ç–æ –ø–æ–∑–≤–æ–ª—è–µ—Ç –Ω–∞–º —Ä–∞–∑–≤–∏–≤–∞—Ç—å –∫—Ä–æ—Å—Å-—Ñ—É–Ω–∫—Ü–∏–æ–Ω–∞–ª—å–Ω—ã–µ —Å–≤—è–∑–∏ –≤–Ω—É—Ç—Ä–∏ –ë–∞–Ω–∫–∞ ‚Äì —ç—Ç–∞–∫–∏–π –≤–Ω—É—Ç—Ä–µ–Ω–Ω–∏–π –Ω–µ—Ç–≤–æ—Ä–∫–∏–Ω–≥.

Buddy –∑–Ω–∞–µ—Ç –±—É–∫–≤–∞–ª—å–Ω–æ –≤—Å–µ üí™, –æ—Ç —Ç–æ–≥–æ, –≥–¥–µ –¥–æ—Å—Ç–∞—Ç—å —Å—Ç–µ–ø–ª–µ—Ä, –¥–æ —Ç–æ–≥–æ, —Å –∫–µ–º –ø–æ–∑–Ω–∞–∫–æ–º–∏—Ç—å—Å—è, —á—Ç–æ–±—ã —Å–æ–∑–¥–∞—Ç—å —Å–≤–æ–π —Å–æ–±—Å—Ç–≤–µ–Ω–Ω—ã–π —ç–ª–µ–∫—Ç—Ä–æ–Ω–Ω—ã–π –∫—É—Ä—Å."
2020-09-16;896762328;
2020-09-16;896762328;–¢—ã —É–∂–µ –≤ –∫–æ–º–∞–Ω–¥–µ –ú–¢–° –ë–∞–Ω–∫–∞?
2020-09-16;896762328;"–ñ–¥–µ–º —Ç–µ–±—è —Å –Ω–µ—Ç–µ—Ä–ø–µ–Ω–∏–µ–º –≤ –ø–µ—Ä–≤—ã–π —Ä–∞–±–æ—á–∏–π –¥–µ–Ω—å. ‚úä

 –ï—Å–ª–∏ —É —Ç–µ–±—è –≤–æ–∑–Ω–∏–∫–ª–∏ –¥–æ–ø–æ–ª–Ω–∏—Ç–µ–ª—å–Ω—ã–µ –≤–æ–ø—Ä–æ—Å—ã, –ø–æ–∂–∞–ª—É–π—Å—Ç–∞, —Å–æ–æ–±—â–∏ –æ–± —ç—Ç–æ–º —Å–≤–æ–µ–º—É –∫—É—Ä–∞—Ç–æ—Ä—É üë®‚Äçüíº –∏–∑ –¶–µ–Ω—Ç—Ä–∞ –ø–æ –ø–æ–¥–±–æ—Ä—É –ø–µ—Ä—Å–æ–Ω–∞–ª–∞ –ú–¢–° –ë–∞–Ω–∫–∞."
2020-09-16;896762328;"–ò—Ç–∞–∫, –≤–æ—Ç 6 –Ω–æ–≤—ã—Ö –ø–æ–ª–µ–∑–Ω—ã—Ö —Ç–µ–º: üìã

1 ‚Äì –ì–¥–µ –ø–æ–ª—É—á–∏—Ç—å –ø—Ä–æ–ø—É—Å–∫?

2 ‚Äì –†–∞—Å–ø–æ—Ä—è–¥–æ–∫ –¥–Ω—è

3 ‚Äì –ß—Ç–æ —Ç–∞–∫–æ–µ –∫–æ—Ä–ø–æ—Ä–∞—Ç–∏–≤–Ω—ã–π –ø–æ—Ä—Ç–∞–ª?

4 ‚Äì –ì–¥–µ –Ω–∞–π—Ç–∏ –∫–æ–Ω—Ç–∞–∫—Ç—ã –∫–æ–ª–ª–µ–≥?

5 ‚Äì –ö–∞–∫ –ø–æ–¥–∫–ª—é—á–∏—Ç—å—Å—è –∫ –ø—Ä–∏–Ω—Ç–µ—Ä—É?

6 ‚Äì –ï—Å–ª–∏ —á—Ç–æ-—Ç–æ —Å–ª–æ–º–∞–ª–æ—Å—å –∏–ª–∏ –Ω–µ —Ä–∞–±–æ—Ç–∞–µ—Ç?"
2020-09-16;1382982303;–î–ª—è –≤—ã–±–æ—Ä–∞ –≤–∞—Ä–∏–∞–Ω—Ç–∞ –Ω–∞–∂–º–∏ –Ω–∞ —Ü–∏—Ñ—Ä—É. üëá
2020-09-16;1382982303;–î–ª—è –≤—ã–±–æ—Ä–∞ –≤–∞—Ä–∏–∞–Ω—Ç–∞ –Ω–∞–∂–º–∏ –Ω–∞ —Ü–∏—Ñ—Ä—É. üëá
2020-09-16;1382982303;–î–ª—è –≤—ã–±–æ—Ä–∞ –≤–∞—Ä–∏–∞–Ω—Ç–∞ –Ω–∞–∂–º–∏ –Ω–∞ —Ü–∏—Ñ—Ä—É. üëá
2020-09-16;1382982303;"–ü–µ—Ä–µ—á–µ–Ω—å –Ω–µ–æ–±—Ö–æ–¥–∏–º—ã—Ö –¥–æ–∫—É–º–µ–Ω—Ç–æ–≤: ‚ò∫Ô∏è

1) –ê–Ω–∫–µ—Ç–∞ –∏ –°–æ–≥–ª–∞—Å–∏–µ –Ω–∞ –æ–±—Ä–∞–±–æ—Ç–∫—É –ø–µ—Ä—Å–æ–Ω–∞–ª—å–Ω—ã—Ö –¥–∞–Ω–Ω—ã—Ö (–Ω–µ–æ–±—Ö–æ–¥–∏–º–æ —Ä–∞—Å–ø–µ—á–∞—Ç–∞—Ç—å, –ø–æ–¥–ø–∏—Å–∞—Ç—å –æ—Ç —Ä—É–∫–∏ ‚úçÔ∏è –∏ –ø—Ä–∏–ª–æ–∂–∏—Ç—å –≤ –≤–∏–¥–µ —Å–∫–∞–Ω–∞ –∏–ª–∏ —Ñ–æ—Ç–æ);

2) –ü—Ä–∏–ª–æ–∂–µ–Ω–∏–µ –∫ –ê–Ω–∫–µ—Ç–µ –∫–∞–Ω–¥–∏–¥–∞—Ç–∞ (–Ω–µ–æ–±—Ö–æ–¥–∏–º–æ —Ä–∞—Å–ø–µ—á–∞—Ç–∞—Ç—å üñ® , –ø–æ–¥–ø–∏—Å–∞—Ç—å –æ—Ç —Ä—É–∫–∏ –∏ –ø—Ä–∏–ª–æ–∂–∏—Ç—å –≤ –≤–∏–¥–µ —Å–∫–∞–Ω–∞ –∏–ª–∏ —Ñ–æ—Ç–æ);

3) –î–µ–∫–ª–∞—Ä–∞—Ü–∏—è –ö–æ–¥–µ–∫—Å —ç—Ç–∏–∫–∏ (–Ω–µ–æ–±—Ö–æ–¥–∏–º–æ –∑–∞–ø–æ–ª–Ω–∏—Ç—å —Ç–æ–ª—å–∫–æ –≤ —Ç–æ–º —Å–ª—É—á–∞–µ, –µ—Å–ª–∏ –í—ã —è–≤–ª—è–µ—Ç–µ—Å—å —É—á—Ä–µ–¥–∏—Ç–µ–ª–µ–º –ò–ü, –û–û–û, –≤–ª–∞–¥–µ–µ—Ç–µ –¥–æ–ª—è–º–∏, –∞–∫—Ü–∏—è–º–∏ –∏–Ω–æ–π –∫–æ–º–ø–∞–Ω–∏–∏ (–∫—Ä–æ–º–µ –ø—É–±–ª–∏—á–Ω–æ –æ–±—Ä–∞—â–∞—é—â–∏—Ö—Å—è –Ω–∞ –æ—Ä–≥–∞–Ω–∏–∑–æ–≤–∞–Ω–Ω—ã—Ö —Ç–æ—Ä–≥–∞—Ö));

4) –ü–∞—Å–ø–æ—Ä—Ç (–≤—Å–µ —Å—Ç—Ä–∞–Ω–∏—Ü—ã —Å –∑–∞–ø–∏—Å—è–º–∏);

5) –ü—Ä–∏–ø–∏—Å–Ω–æ–µ —Å–≤–∏–¥–µ—Ç–µ–ª—å—Å—Ç–≤–æ / –í–æ–µ–Ω–Ω—ã–π –±–∏–ª–µ—Ç (–≤—Å–µ —Å—Ç—Ä–∞–Ω–∏—Ü—ã —Å –∑–∞–ø–∏—Å—è–º–∏);

6) –°—Ç—É–¥–µ–Ω—á–µ—Å–∫–∏–π –±–∏–ª–µ—Ç (—Å–ø—Ä–∞–≤–∫–∞ –∏–∑ –í–£–ó–∞) / –î–∏–ø–ª–æ–º;

7) –¢—Ä—É–¥–æ–≤–∞—è –∫–Ω–∏–∂–∫–∞ üìñ (–ª–∏–±–æ –∞–∫—Ç—É–∞–ª—å–Ω–∞—è –∫–æ–ø–∏—è);

8) –°–≤–∏–¥–µ—Ç–µ–ª—å—Å—Ç–≤–æ –ü–µ–Ω—Å–∏–æ–Ω–Ω–æ–≥–æ –°—Ç—Ä–∞—Ö–æ–≤–∞–Ω–∏—è (–°–ù–ò–õ–°);

9) –ò–ù–ù.

–§—É—Ö! –í—Å—ë! ü•≥"
2020-09-16;1382982303;"–£ —Ç–µ–±—è —É–∂–µ –≥–æ—Ç–æ–≤—ã —ç—Ç–∏ –¥–æ–∫—É–º–µ–Ω—Ç—ã? üßê

1 - –£ –º–µ–Ω—è –Ω–µ —Ö–≤–∞—Ç–∞–µ—Ç —á–∞—Å—Ç–∏ –¥–æ–∫—É–º–µ–Ω—Ç–æ–≤ ü§∑‚Äç‚ôÄÔ∏è

2 - –î–∞, —è –≤—Å–µ —É–∂–µ –ø–æ–¥–≥–æ—Ç–æ–≤–∏–ª"
2020-09-16;1382982303;–ü–æ–∂–∞–ª—É–π—Å—Ç–∞, üôè —Å–æ–æ–±—â–∏ –æ–± —ç—Ç–æ–º —Å–≤–æ–µ–º—É –∫—É—Ä–∞—Ç–æ—Ä—É –∏–∑ –¶–µ–Ω—Ç—Ä–∞ –ø–æ –ø–æ–¥–±–æ—Ä—É –ø–µ—Ä—Å–æ–Ω–∞–ª–∞ –ú–¢–° –ë–∞–Ω–∫–∞
2020-09-16;1382982303;
2020-09-16;1382982303;—Å—Å—ã–ª–∫–∞ https://davaj-znakomitsya-4.testograf.ru/
2020-09-16;1382982303;—Å—Å—ã–ª–∫–∞ https://davaj-znakomitsya-4.testograf.ru/
2020-09-16;1382982303;"–°—É–ø–µ—Ä! üëç –° –Ω–µ—Ç–µ—Ä–ø–µ–Ω–∏–µ–º –∂–¥—É –≤—Å—Ç—Ä–µ—á–∏ –≤ —Ç–≤–æ–π –ø–µ—Ä–≤—ã–π —Ä–∞–±–æ—á–∏–π –¥–µ–Ω—å! –ê –≤–æ—Ç –µ—â–µ –Ω–µ–º–Ω–æ–≥–æ –∏–Ω—Ñ–æ—Ä–º–∞—Ü–∏–∏, –∫–æ—Ç–æ—Ä–∞—è –ø—Ä–∏–≥–æ–¥–∏—Ç—Å—è —Ç–µ–±–µ –≤ –ø–µ—Ä–≤—ã–π —Ä–∞–±–æ—á–∏–π –¥–µ–Ω—å: üëå

1 - –û –ë–∞–Ω–∫–µ
2 - –°—Ö–µ–º–∞ –ø—Ä–æ–µ–∑–¥–∞
3 - –ö–∞–∫ –ø–æ–ª—É—á–∏—Ç—å –≤—Ä–µ–º–µ–Ω–Ω—ã–π –ø—Ä–æ–ø—É—Å–∫?
4 - –ö–∞–∫ –º–Ω–µ –æ–¥–µ—Ç—å—Å—è?
5 - –ß—Ç–æ —Ç–µ–±—è –∂–¥–µ—Ç –≤ –ø–µ—Ä–≤—ã–π —Ä–∞–±–æ—á–∏–π –¥–µ–Ω—å?
6 - –ö—Ç–æ —Ç–≤–æ–π –Ω–∞—Å—Ç–∞–≤–Ω–∏–∫ Buddy?"
2020-09-16;1382982303;"–ö—Ç–æ —Ç–≤–æ–π –Ω–∞—Å—Ç–∞–≤–Ω–∏–∫ Buddy? üíÅ

–í –ú–¢–° –ë–∞–Ω–∫–µ –¥–µ–π—Å—Ç–≤—É–µ—Ç –ø—Ä–æ–≥—Ä–∞–º–º–∞ –Ω–∞—Å—Ç–∞–≤–Ω–∏—á–µ—Å—Ç–≤–∞ ¬´Buddy¬ª. –í –ø–µ—Ä–≤—ã–π —Ä–∞–±–æ—á–∏–π –¥–µ–Ω—å —Å —Ç–æ–±–æ–π —Å–≤—è–∂–µ—Ç—Å—è –Ω–∞—Å—Ç–∞–≤–Ω–∏–∫, –∫–æ—Ç–æ—Ä—ã–π –ø–æ–º–æ–∂–µ—Ç —Å–æ—Ä–∏–µ–Ω—Ç–∏—Ä–æ–≤–∞—Ç—å—Å—è –≤ –æ—Ñ–∏—Å–Ω–æ–º –ø—Ä–æ—Å—Ç—Ä–∞–Ω—Å—Ç–≤–µ, —Ä–∞—Å—Å–∫–∞–∂–µ—Ç –æ –ë–∞–Ω–∫–µ –∏ –º–µ—Ä–æ–ø—Ä–∏—è—Ç–∏—è—Ö, –∫–æ—Ç–æ—Ä—ã–µ –∂–¥—É—Ç —Ç–µ–±—è –≤ –ø–µ—Ä–≤—ã–µ –º–µ—Å—è—Ü—ã —Ä–∞–±–æ—Ç—ã, –æ—Ç–≤–µ—Ç–∏—Ç –Ω–∞ –≤—Å–µ —Ç–≤–æ–∏ –≤–æ–ø—Ä–æ—Å—ã.

–ù–∞—Å—Ç–∞–≤–Ω–∏–∫–∏ –Ω–∞–∑–Ω–∞—á–∞—é—Ç—Å—è –∏–∑ —á–∏—Å–ª–∞ –æ–ø—ã—Ç–Ω—ã—Ö —Å–æ—Ç—Ä—É–¥–Ω–∏–∫–æ–≤ –ë–∞–Ω–∫–∞, –∏–∑ —Å–∞–º—ã—Ö —Ä–∞–∑–ª–∏—á–Ω—ã—Ö –ø–æ–¥—Ä–∞–∑–¥–µ–ª–µ–Ω–∏–π. –≠—Ç–æ –ø–æ–∑–≤–æ–ª—è–µ—Ç –Ω–∞–º —Ä–∞–∑–≤–∏–≤–∞—Ç—å –∫—Ä–æ—Å—Å-—Ñ—É–Ω–∫—Ü–∏–æ–Ω–∞–ª—å–Ω—ã–µ —Å–≤—è–∑–∏ –≤–Ω—É—Ç—Ä–∏ –ë–∞–Ω–∫–∞ ‚Äì —ç—Ç–∞–∫–∏–π –≤–Ω—É—Ç—Ä–µ–Ω–Ω–∏–π –Ω–µ—Ç–≤–æ—Ä–∫–∏–Ω–≥.

Buddy –∑–Ω–∞–µ—Ç –±—É–∫–≤–∞–ª—å–Ω–æ –≤—Å–µ üí™, –æ—Ç —Ç–æ–≥–æ, –≥–¥–µ –¥–æ—Å—Ç–∞—Ç—å —Å—Ç–µ–ø–ª–µ—Ä, –¥–æ —Ç–æ–≥–æ, —Å –∫–µ–º –ø–æ–∑–Ω–∞–∫–æ–º–∏—Ç—å—Å—è, —á—Ç–æ–±—ã —Å–æ–∑–¥–∞—Ç—å —Å–≤–æ–π —Å–æ–±—Å—Ç–≤–µ–Ω–Ω—ã–π —ç–ª–µ–∫—Ç—Ä–æ–Ω–Ω—ã–π –∫—É—Ä—Å."
2020-09-16;1382982303;
2020-09-16;1382982303;–¢—ã —É–∂–µ –≤ –∫–æ–º–∞–Ω–¥–µ –ú–¢–° –ë–∞–Ω–∫–∞?
2020-09-16;1382982303;"–ò—Ç–∞–∫, –≤–æ—Ç 6 –Ω–æ–≤—ã—Ö –ø–æ–ª–µ–∑–Ω—ã—Ö —Ç–µ–º: üìã

1 ‚Äì –ì–¥–µ –ø–æ–ª—É—á–∏—Ç—å –ø—Ä–æ–ø—É—Å–∫?

2 ‚Äì –†–∞—Å–ø–æ—Ä—è–¥–æ–∫ –¥–Ω—è

3 ‚Äì –ß—Ç–æ —Ç–∞–∫–æ–µ –∫–æ—Ä–ø–æ—Ä–∞—Ç–∏–≤–Ω—ã–π –ø–æ—Ä—Ç–∞–ª?

4 ‚Äì –ì–¥–µ –Ω–∞–π—Ç–∏ –∫–æ–Ω—Ç–∞–∫—Ç—ã –∫–æ–ª–ª–µ–≥?

5 ‚Äì –ö–∞–∫ –ø–æ–¥–∫–ª—é—á–∏—Ç—å—Å—è –∫ –ø—Ä–∏–Ω—Ç–µ—Ä—É?

6 ‚Äì –ï—Å–ª–∏ —á—Ç–æ-—Ç–æ —Å–ª–æ–º–∞–ª–æ—Å—å –∏–ª–∏ –Ω–µ —Ä–∞–±–æ—Ç–∞–µ—Ç?"
2020-09-16;1382982303;"–ï—Å–ª–∏ —á—Ç–æ-—Ç–æ —Å–ª–æ–º–∞–ª–æ—Å—å –∏–ª–∏ –Ω–µ —Ä–∞–±–æ—Ç–∞–µ—Ç?

–ï—Å–ª–∏ —Ç–µ–±–µ –Ω—É–∂–Ω–æ –ø–æ–¥–∫–ª—é—á–∏—Ç—å –¥–æ–ø–æ–ª–Ω–∏—Ç–µ–ª—å–Ω—ã–µ –¥–æ—Å—Ç—É–ø—ã –∫ —Å–µ—Ç–µ–≤—ã–º –ø–∞–ø–∫–∞–º, –Ω–µ–æ–±—Ö–æ–¥–∏–º–æ –¥–æ–ø–æ–ª–Ω–∏—Ç–µ–ª—å–Ω–æ–µ –ü–û –∏–ª–∏ –ø—Ä–æ—Å—Ç–æ —á—Ç–æ-—Ç–æ –Ω–µ —Ä–∞–±–æ—Ç–∞–µ—Ç - —Å–º–µ–ª–æ ü¶æ –æ–±—Ä–∞—â–∞–π—Å—è –Ω–∞ Help Desküëá

helpdesk@mtsbank.ru –î–æ–±.: 1-75-75(5)"
2020-09-16;1382982303;"–Ø —Ä–∞–¥, —á—Ç–æ —Ç—ã –∑–¥–µ—Å—å. ü§ó –£ –º–µ–Ω—è –µ—Å—Ç—å –µ—â–µ –Ω–µ–º–Ω–æ–≥–æ –ø–æ–ª–µ–∑–Ω–æ–π –∏–Ω—Ñ–æ—Ä–º–∞—Ü–∏–∏ üìö –¥–ª—è —Ç–µ–±—è.

7 - –ï—Å–ª–∏ –Ω—É–∂–Ω–∞ –∫–∞–Ω—Ü–µ–ª—è—Ä–∏—è

8 - –ö—É–¥–∞ –ø–æ–π—Ç–∏ –ø–æ–æ–±–µ–¥–∞—Ç—å?

9 - –ö–∞–∫ –ø–æ–ª—É—á–∏—Ç—å –∑–∞—Ä–ø–ª–∞—Ç–Ω—É—é –∫–∞—Ä—Ç—É?

10 - –ö–∞–∫ –æ—Ñ–æ—Ä–º–∏—Ç—å —Ç–∞—Ä–∏—Ñ ¬´Smart –¥–ª—è —Å–≤–æ–∏—Ö¬ª?

11 - –ê –î–ú–° –±—É–¥–µ—Ç?

12 - –ó–∞–¥–∞—á–∏ –Ω–∞ –ò—Å–ø—ã—Ç–∞—Ç–µ–ª—å–Ω—ã–π –°—Ä–æ–∫. (–ò–°)"
2020-09-16;1382982303;"–ê –î–ú–° –±—É–¥–µ—Ç?

–ü–æ—Å–ª–µ –æ–∫–æ–Ω—á–∞–Ω–∏—è –∏—Å–ø—ã—Ç–∞—Ç–µ–ª—å–Ω–æ–≥–æ —Å—Ä–æ–∫–∞ (3 –º–µ—Å—è—Ü–∞ —Ä–∞–±–æ—Ç—ã) —Å–æ—Ç—Ä—É–¥–Ω–∏–∫–∞–º –ë–∞–Ω–∫–∞ –ø—Ä–µ–¥–æ—Å—Ç–∞–≤–ª—è–µ—Ç—Å—è –î–ú–°. üöë

–ù–∞—à –ø—Ä–æ–≤–∞–π–¥–µ—Ä –≤ –î–ú–° ‚Äì –°–ü–ê–û ¬´–ò–Ω–≥–æ—Å—Å—Ç—Ä–∞—Ö¬ª.

–û—Ç —Ç–µ–±—è –Ω–∏—á–µ–≥–æ –Ω–µ —Ç—Ä–µ–±—É–µ—Ç—Å—è üëç , –ø—Ä–∏–∫—Ä–µ–ø–ª–µ–Ω–∏–µ –∫ –î–ú–° –ø—Ä–æ–∏—Å—Ö–æ–¥–∏—Ç –∞–≤—Ç–æ–º–∞—Ç–∏—á–µ—Å–∫–∏. –ù–∞ –ø–æ—á—Ç—É –ø—Ä–∏–¥–µ—Ç –∏–Ω—Ñ–æ—Ä–º–∞—Ü–∏–æ–Ω–Ω–æ–µ –ø–∏—Å—å–º–æ.

–ó–∞–¥–∞–≤–∞–π –≤–æ–ø—Ä–æ—Å—ã ‚ùì –ø–æ –î–ú–° –Ω–∞ DMS@mtsbank.ru"
2020-09-16;1382982303;"–ù–∞–≤–µ—Ä–Ω–æ–µ –¥–ª—è –ø–µ—Ä–≤–æ–≥–æ –¥–Ω—è –¥–æ—Å—Ç–∞—Ç–æ—á–Ω–æ? ü§î

–ò–ª–∏ —Ö–æ—á–µ—à—å —É–∑–Ω–∞—Ç—å –±–æ–ª—å—à–µ –ø–æ–ª–µ–∑–Ω–æ—Å—Ç–µ–π? üìö"
2020-09-16;1382982303;
2020-09-16;1382982303;"–ù–∞–≤–µ—Ä–Ω–æ–µ –¥–ª—è –ø–µ—Ä–≤–æ–≥–æ –¥–Ω—è –¥–æ—Å—Ç–∞—Ç–æ—á–Ω–æ? ü§î

–ò–ª–∏ —Ö–æ—á–µ—à—å —É–∑–Ω–∞—Ç—å –±–æ–ª—å—à–µ –ø–æ–ª–µ–∑–Ω–æ—Å—Ç–µ–π? üìö"
2020-09-16;1382982303;"–ù—É —á—Ç–æ, –ø—Ä–æ–¥–æ–ª–∂–∏–º? üòÄ –í–æ—Ç –µ—â–µ 6 –ø–æ–ª–µ–∑–Ω—ã—Ö —Ç–µ–º. üìñ

13 - Welcome-—Ç—Ä–µ–Ω–∏–Ω–≥

14 - –°–ø—Ä–∞–≤–∫–∞ 182–ù –∏ –¥—Ä—É–≥–∏–µ –∫–∞–¥—Ä–æ–≤—ã–µ –≤–æ–ø—Ä–æ—Å—ã

15 - –†–µ—Ñ–µ—Ä–∞–ª—å–Ω–∞—è –ø—Ä–æ–≥—Ä–∞–º–º–∞ - —Å–æ–∑–¥–∞–µ–º –∫–æ–º–∞–Ω–¥—É –µ–¥–∏–Ω–æ–º—ã—à–ª–µ–Ω–Ω–∏–∫–æ–≤

16 - –≠–ª–µ–∫—Ç—Ä–æ–Ω–Ω—ã–µ –∫—É—Ä—Å—ã

17 - –ö–∞–∫ –Ω–∞—Å—Ç—Ä–æ–∏—Ç—å –ø–æ–¥–ø–∏—Å—å –≤ —ç–ª–µ–∫—Ç—Ä–æ–Ω–Ω–æ–π –ø–æ—á—Ç–µ Outlook?

18 - –ö–∞–∫ –∑–∞–∫–∞–∑–∞—Ç—å –≤–∏–∑–∏—Ç–∫–∏?"
2020-09-16;1382982303;"–†–µ—Ñ–µ—Ä–∞–ª—å–Ω–∞—è –ø—Ä–æ–≥—Ä–∞–º–º–∞ - —Å–æ–∑–¥–∞–µ–º –∫–æ–º–∞–Ω–¥—É –µ–¥–∏–Ω–æ–º—ã—à–ª–µ–Ω–Ω–∏–∫–æ–≤

–°–æ–∑–¥–∞–Ω–∏–µ –∫–æ–º–∞–Ω–¥—ã –µ–¥–∏–Ω–æ–º—ã—à–ª–µ–Ω–Ω–∏–∫–æ–≤ ‚Äì –∑–∞–ª–æ–≥ —É—Å–ø–µ—Ö–∞ üèÜ –ª—é–±–æ–π –æ—Ä–≥–∞–Ω–∏–∑–∞—Ü–∏–∏. –ò–º–µ–Ω–Ω–æ –ø–æ—ç—Ç–æ–º—É –º—ã –ø–æ–¥–¥–µ—Ä–∂–∏–≤–∞–µ–º –≤–Ω—É—Ç—Ä–µ–Ω–Ω–∏–µ —Ä–µ–∫–æ–º–µ–Ω–¥–∞—Ü–∏–∏ ü§ù –¥–ª—è –ø–æ–∏—Å–∫–∞ –ø–æ–¥—Ö–æ–¥—è—â–∏—Ö —Å–æ—Ç—Ä—É–¥–Ω–∏–∫–æ–≤ –≤ –∫–æ–º–∞–Ω–¥—É –ë–∞–Ω–∫–∞.

–í –Ω–∞—à–µ–º –ë–∞–Ω–∫–µ —Ä–∞–±–æ—Ç–∞–µ—Ç —Ä–µ—Ñ–µ—Ä–∞–ª—å–Ω–∞—è –ø—Ä–æ–≥—Ä–∞–º–º–∞. –ü–æ—É—á–∞—Å—Ç–≤–æ–≤–∞—Ç—å –≤ –Ω–µ–π –º–æ–∂–µ—Ç –ª—é–±–æ–π —Å–æ—Ç—Ä—É–¥–Ω–∏–∫. –ü–æ–¥–µ–ª–∏–≤—à–∏—Å—å —Ü–µ–Ω–Ω—ã–º–∏ –∫–æ–Ω—Ç–∞–∫—Ç–∞–º–∏ üìÆ, –º–æ–∂–Ω–æ –Ω–µ —Ç–æ–ª—å–∫–æ —É—Å–∏–ª–∏—Ç—å –∫–æ–º–∞–Ω–¥—É –ë–∞–Ω–∫–∞, –Ω–æ –∏ –ø–æ–ª—É—á–∏—Ç—å –¥–æ–ø–æ–ª–Ω–∏—Ç–µ–ª—å–Ω–æ–µ –º–∞—Ç–µ—Ä–∏–∞–ª—å–Ω–æ–µ –≤–æ–∑–Ω–∞–≥—Ä–∞–∂–¥–µ–Ω–∏–µ. üíé


–û—Ç–∫—Ä—ã—Ç—ã–µ –≤–∞–∫–∞–Ω—Å–∏–∏ –ë–∞–Ω–∫–∞ –¥–æ—Å—Ç—É–ø–Ω—ã –≤ —Ä–∞–∑–¥–µ–ª–µ ¬´–í–∞–∫–∞–Ω—Å–∏–∏ –ë–∞–Ω–∫–∞¬ª –Ω–∞ –ø–æ—Ä—Ç–∞–ª–µ ¬´–¢–≤–æ–π –¥–µ–Ω—å¬ª. –° –≤–æ–ø—Ä–æ—Å–∞–º–∏ ‚ùì –æ–±—Ä–∞—â–∞–π—Å—è –∫ —Å–æ—Ç—Ä—É–¥–Ω–∏–∫–∞–º –¶–µ–Ω—Ç—Ä–∞ –ø–æ–¥–±–æ—Ä–∞ –ø–µ—Ä—Å–æ–Ω–∞–ª–∞."
2020-09-16;1382982303;"–Ø —Ä–∞–¥ –±—ã—Ç—å —Ç–µ–±–µ –ø–æ–ª–µ–∑–Ω—ã–º. ‚ò∫Ô∏è –í–æ—Ç –µ—â–µ –Ω–µ–º–Ω–æ–≥–æ –∏–Ω—Ñ–æ—Ä–º–∞—Ü–∏–∏.

19 - –®–∞–±–ª–æ–Ω –ø—Ä–µ–∑–µ–Ω—Ç–∞—Ü–∏–∏: —Å–∫–∞—á–∞–π –∏ –ø–æ–ª—å–∑—É–π—Å—è!

20 - –ö–∞–∫ –∑–∞–∫–∞–∑–∞—Ç—å –ø—Ä–æ–ø—É—Å–∫ –¥–ª—è –≥–æ—Å—Ç—è?

21 - –ö–∞–∫ –∑–∞–±—Ä–æ–Ω–∏—Ä–æ–≤–∞—Ç—å –ø–µ—Ä–µ–≥–æ–≤–æ—Ä–Ω—É—é?"
2020-09-16;1382982303;"üí° –í–∞–∂–Ω–∞—è –∏–Ω—Ñ–æ—Ä–º–∞—Ü–∏—è!


 üëâ –õ–æ–∫–∞—Ü–∏–∏ ¬´–ú–µ–¥–∏–∞—Ä—É–º¬ª –∏ ¬´–û–±—å¬ª –±—Ä–æ–Ω–∏—Ä—É—é—Ç—Å—è —Ç–æ–ª—å–∫–æ –ø–æ—Å–ª–µ –ø–æ–¥—Ç–≤–µ—Ä–∂–¥–µ–Ω–∏—è —Å–æ—Ç—Ä—É–¥–Ω–∏–∫–æ–º –¶–µ–Ω—Ç—Ä–∞ –æ–±—É—á–µ–Ω–∏—è –ö–æ—Ä–ø–æ—Ä–∞—Ç–∏–≤–Ω–æ–≥–æ —É–Ω–∏–≤–µ—Ä—Å–∏—Ç–µ—Ç–∞ –ë–∞–Ω–∫–∞ (–æ—Ç–±–∏–≤–∫–∞ –ø—Ä–∏—Ö–æ–¥–∏—Ç –∞–≤—Ç–æ–º–∞—Ç–∏—á–µ—Å–∫–∏).


üëâ –ü–µ—Ä–µ–≥–æ–≤–æ—Ä–Ω–∞—è #1 –≤ –∫–æ–≤–æ—Ä–∫–∏–Ω–≥–µ –±—Ä–æ–Ω–∏—Ä—É–µ—Ç—Å—è —Ç–æ–ª—å–∫–æ —á–µ—Ä–µ–∑ —Å–µ–∫—Ä–µ—Ç–∞—Ä–µ–π –ü—Ä–µ–¥–ø—Ä–∞–≤–ª–µ–Ω–∏—è.


üëâ –ë—Ä–æ–Ω—å –ø–µ—Ä–µ–≥–æ–≤–æ—Ä–Ω—ã—Ö (–∑–∞ –∏—Å–∫–ª—é—á–µ–Ω–∏–µ–º ¬´–ú–µ–¥–∏–∞—Ä—É–º–∞¬ª –∏ –ø–µ—Ä–µ–≥–æ–≤–æ—Ä–Ω–æ–π #1) –æ—Å—É—â–µ—Å—Ç–≤–ª—è–µ—Ç—Å—è –Ω–µ –¥–∞–ª—å—à–µ, —á–µ–º –Ω–∞ 3 –º–µ—Å—è—Ü–∞ –≤–ø–µ—Ä–µ–¥.


–í —Å–ª—É—á–∞–µ –æ—Ç–º–µ–Ω—ã –≤—Å—Ç—Ä–µ—á–∏, –æ—á–µ–Ω—å –ø—Ä–æ—Å–∏–º üôè –≤–∞—Å —É–¥–∞–ª–∏—Ç—å –µ–µ –∏–∑ Outlook. –¢–∞–∫ –º—ã —Å–º–æ–∂–µ–º —Å–¥–µ–ª–∞—Ç—å –ø—Ä–æ—Ü–µ—Å—Å –±—Ä–æ–Ω–∏—Ä–æ–≤–∞–Ω–∏—è –ª–æ–∫–∞—Ü–∏–π –ë–∞–Ω–∫–∞ –µ—â–µ —ç—Ñ—Ñ–µ–∫—Ç–∏–≤–Ω–µ–µ."
2020-09-16;1382982303;
2020-09-16;1382982303;–û–≥–æ! –ê —è —Ç—É—Ç —Å–æ–≤—Å–µ–º –∑–∞—Å–∫—É—á–∞–ª üòî. –ú–æ–∂–µ—Ç —Ç–µ–±–µ –Ω—É–∂–Ω–∞ –ø–æ–º–æ—â—å? üëã
2020-09-16;1382982303;–°–ø–∞—Å–∏–±–æ –∑–∞ –æ–±—Ä–∞—Ç–Ω—É—é —Å–≤—è–∑—å! ü§ù
2020-09-16;1382982303;
2020-09-16;896762328;–î–ª—è –≤—ã–±–æ—Ä–∞ –≤–∞—Ä–∏–∞–Ω—Ç–∞ –Ω–∞–∂–º–∏ –Ω–∞ —Ü–∏—Ñ—Ä—É. üëá
2020-09-16;896762328;
2020-09-16;896762328;—Å—Å—ã–ª–∫–∞ https://davaj-znakomitsya-4.testograf.ru/
2020-09-16;896762328;"–°—É–ø–µ—Ä! üëç –° –Ω–µ—Ç–µ—Ä–ø–µ–Ω–∏–µ–º –∂–¥—É –≤—Å—Ç—Ä–µ—á–∏ –≤ —Ç–≤–æ–π –ø–µ—Ä–≤—ã–π —Ä–∞–±–æ—á–∏–π –¥–µ–Ω—å! –ê –≤–æ—Ç –µ—â–µ –Ω–µ–º–Ω–æ–≥–æ –∏–Ω—Ñ–æ—Ä–º–∞—Ü–∏–∏, –∫–æ—Ç–æ—Ä–∞—è –ø—Ä–∏–≥–æ–¥–∏—Ç—Å—è —Ç–µ–±–µ –≤ –ø–µ—Ä–≤—ã–π —Ä–∞–±–æ—á–∏–π –¥–µ–Ω—å: üëå

1 - –û –ë–∞–Ω–∫–µ
2 - –°—Ö–µ–º–∞ –ø—Ä–æ–µ–∑–¥–∞
3 - –ö–∞–∫ –ø–æ–ª—É—á–∏—Ç—å –≤—Ä–µ–º–µ–Ω–Ω—ã–π –ø—Ä–æ–ø—É—Å–∫?
4 - –ö–∞–∫ –º–Ω–µ –æ–¥–µ—Ç—å—Å—è?
5 - –ß—Ç–æ —Ç–µ–±—è –∂–¥–µ—Ç –≤ –ø–µ—Ä–≤—ã–π —Ä–∞–±–æ—á–∏–π –¥–µ–Ω—å?
6 - –ö—Ç–æ —Ç–≤–æ–π –Ω–∞—Å—Ç–∞–≤–Ω–∏–∫ Buddy?"
2020-09-16;896762328;"–ö—Ç–æ —Ç–≤–æ–π –Ω–∞—Å—Ç–∞–≤–Ω–∏–∫ Buddy? üíÅ

–í –ú–¢–° –ë–∞–Ω–∫–µ –¥–µ–π—Å—Ç–≤—É–µ—Ç –ø—Ä–æ–≥—Ä–∞–º–º–∞ –Ω–∞—Å—Ç–∞–≤–Ω–∏—á–µ—Å—Ç–≤–∞ ¬´Buddy¬ª. –í –ø–µ—Ä–≤—ã–π —Ä–∞–±–æ—á–∏–π –¥–µ–Ω—å —Å —Ç–æ–±–æ–π —Å–≤—è–∂–µ—Ç—Å—è –Ω–∞—Å—Ç–∞–≤–Ω–∏–∫, –∫–æ—Ç–æ—Ä—ã–π –ø–æ–º–æ–∂–µ—Ç —Å–æ—Ä–∏–µ–Ω—Ç–∏—Ä–æ–≤–∞—Ç—å—Å—è –≤ –æ—Ñ–∏—Å–Ω–æ–º –ø—Ä–æ—Å—Ç—Ä–∞–Ω—Å—Ç–≤–µ, —Ä–∞—Å—Å–∫–∞–∂–µ—Ç –æ –ë–∞–Ω–∫–µ –∏ –º–µ—Ä–æ–ø—Ä–∏—è—Ç–∏—è—Ö, –∫–æ—Ç–æ—Ä—ã–µ –∂–¥—É—Ç —Ç–µ–±—è –≤ –ø–µ—Ä–≤—ã–µ –º–µ—Å—è—Ü—ã —Ä–∞–±–æ—Ç—ã, –æ—Ç–≤–µ—Ç–∏—Ç –Ω–∞ –≤—Å–µ —Ç–≤–æ–∏ –≤–æ–ø—Ä–æ—Å—ã.

–ù–∞—Å—Ç–∞–≤–Ω–∏–∫–∏ –Ω–∞–∑–Ω–∞—á–∞—é—Ç—Å—è –∏–∑ —á–∏—Å–ª–∞ –æ–ø—ã—Ç–Ω—ã—Ö —Å–æ—Ç—Ä—É–¥–Ω–∏–∫–æ–≤ –ë–∞–Ω–∫–∞, –∏–∑ —Å–∞–º—ã—Ö —Ä–∞–∑–ª–∏—á–Ω—ã—Ö –ø–æ–¥—Ä–∞–∑–¥–µ–ª–µ–Ω–∏–π. –≠—Ç–æ –ø–æ–∑–≤–æ–ª—è–µ—Ç –Ω–∞–º —Ä–∞–∑–≤–∏–≤–∞—Ç—å –∫—Ä–æ—Å—Å-—Ñ—É–Ω–∫—Ü–∏–æ–Ω–∞–ª—å–Ω—ã–µ —Å–≤—è–∑–∏ –≤–Ω—É—Ç—Ä–∏ –ë–∞–Ω–∫–∞ ‚Äì —ç—Ç–∞–∫–∏–π –≤–Ω—É—Ç—Ä–µ–Ω–Ω–∏–π –Ω–µ—Ç–≤–æ—Ä–∫–∏–Ω–≥.

Buddy –∑–Ω–∞–µ—Ç –±—É–∫–≤–∞–ª—å–Ω–æ –≤—Å–µ üí™, –æ—Ç —Ç–æ–≥–æ, –≥–¥–µ –¥–æ—Å—Ç–∞—Ç—å —Å—Ç–µ–ø–ª–µ—Ä, –¥–æ —Ç–æ–≥–æ, —Å –∫–µ–º –ø–æ–∑–Ω–∞–∫–æ–º–∏—Ç—å—Å—è, —á—Ç–æ–±—ã —Å–æ–∑–¥–∞—Ç—å —Å–≤–æ–π —Å–æ–±—Å—Ç–≤–µ–Ω–Ω—ã–π —ç–ª–µ–∫—Ç—Ä–æ–Ω–Ω—ã–π –∫—É—Ä—Å."
2020-09-16;896762328;
2020-09-16;896762328;–¢—ã —É–∂–µ –≤ –∫–æ–º–∞–Ω–¥–µ –ú–¢–° –ë–∞–Ω–∫–∞?
2020-09-16;896762328;"–ñ–¥–µ–º —Ç–µ–±—è —Å –Ω–µ—Ç–µ—Ä–ø–µ–Ω–∏–µ–º –≤ –ø–µ—Ä–≤—ã–π —Ä–∞–±–æ—á–∏–π –¥–µ–Ω—å. ‚úä

 –ï—Å–ª–∏ —É —Ç–µ–±—è –≤–æ–∑–Ω–∏–∫–ª–∏ –¥–æ–ø–æ–ª–Ω–∏—Ç–µ–ª—å–Ω—ã–µ –≤–æ–ø—Ä–æ—Å—ã, –ø–æ–∂–∞–ª—É–π—Å—Ç–∞, —Å–æ–æ–±—â–∏ –æ–± —ç—Ç–æ–º —Å–≤–æ–µ–º—É –∫—É—Ä–∞—Ç–æ—Ä—É üë®‚Äçüíº –∏–∑ –¶–µ–Ω—Ç—Ä–∞ –ø–æ –ø–æ–¥–±–æ—Ä—É –ø–µ—Ä—Å–æ–Ω–∞–ª–∞ –ú–¢–° –ë–∞–Ω–∫–∞."
2020-09-16;896762328;"–ò—Ç–∞–∫, –≤–æ—Ç 6 –Ω–æ–≤—ã—Ö –ø–æ–ª–µ–∑–Ω—ã—Ö —Ç–µ–º: üìã

1 ‚Äì –ì–¥–µ –ø–æ–ª—É—á–∏—Ç—å –ø—Ä–æ–ø—É—Å–∫?

2 ‚Äì –†–∞—Å–ø–æ—Ä—è–¥–æ–∫ –¥–Ω—è

3 ‚Äì –ß—Ç–æ —Ç–∞–∫–æ–µ –∫–æ—Ä–ø–æ—Ä–∞—Ç–∏–≤–Ω—ã–π –ø–æ—Ä—Ç–∞–ª?

4 ‚Äì –ì–¥–µ –Ω–∞–π—Ç–∏ –∫–æ–Ω—Ç–∞–∫—Ç—ã –∫–æ–ª–ª–µ–≥?

5 ‚Äì –ö–∞–∫ –ø–æ–¥–∫–ª—é—á–∏—Ç—å—Å—è –∫ –ø—Ä–∏–Ω—Ç–µ—Ä—É?

6 ‚Äì –ï—Å–ª–∏ —á—Ç–æ-—Ç–æ —Å–ª–æ–º–∞–ª–æ—Å—å –∏–ª–∏ –Ω–µ —Ä–∞–±–æ—Ç–∞–µ—Ç?"
2020-09-16;896762328;"–ï—Å–ª–∏ —á—Ç–æ-—Ç–æ —Å–ª–æ–º–∞–ª–æ—Å—å –∏–ª–∏ –Ω–µ —Ä–∞–±–æ—Ç–∞–µ—Ç?

–ï—Å–ª–∏ —Ç–µ–±–µ –Ω—É–∂–Ω–æ –ø–æ–¥–∫–ª—é—á–∏—Ç—å –¥–æ–ø–æ–ª–Ω–∏—Ç–µ–ª—å–Ω—ã–µ –¥–æ—Å—Ç—É–ø—ã –∫ —Å–µ—Ç–µ–≤—ã–º –ø–∞–ø–∫–∞–º, –Ω–µ–æ–±—Ö–æ–¥–∏–º–æ –¥–æ–ø–æ–ª–Ω–∏—Ç–µ–ª—å–Ω–æ–µ –ü–û –∏–ª–∏ –ø—Ä–æ—Å—Ç–æ —á—Ç–æ-—Ç–æ –Ω–µ —Ä–∞–±–æ—Ç–∞–µ—Ç - —Å–º–µ–ª–æ ü¶æ –æ–±—Ä–∞—â–∞–π—Å—è –Ω–∞ Help Desküëá

helpdesk@mtsbank.ru –î–æ–±.: 1-75-75(5)"
2020-09-16;896762328;"–Ø —Ä–∞–¥, —á—Ç–æ —Ç—ã –∑–¥–µ—Å—å. ü§ó –£ –º–µ–Ω—è –µ—Å—Ç—å –µ—â–µ –Ω–µ–º–Ω–æ–≥–æ –ø–æ–ª–µ–∑–Ω–æ–π –∏–Ω—Ñ–æ—Ä–º–∞—Ü–∏–∏ üìö –¥–ª—è —Ç–µ–±—è.

7 - –ï—Å–ª–∏ –Ω—É–∂–Ω–∞ –∫–∞–Ω—Ü–µ–ª—è—Ä–∏—è

8 - –ö—É–¥–∞ –ø–æ–π—Ç–∏ –ø–æ–æ–±–µ–¥–∞—Ç—å?

9 - –ö–∞–∫ –ø–æ–ª—É—á–∏—Ç—å –∑–∞—Ä–ø–ª–∞—Ç–Ω—É—é –∫–∞—Ä—Ç—É?

10 - –ö–∞–∫ –æ—Ñ–æ—Ä–º–∏—Ç—å —Ç–∞—Ä–∏—Ñ ¬´Smart –¥–ª—è —Å–≤–æ–∏—Ö¬ª?

11 - –ê –î–ú–° –±—É–¥–µ—Ç?

12 - –ó–∞–¥–∞—á–∏ –Ω–∞ –ò—Å–ø—ã—Ç–∞—Ç–µ–ª—å–Ω—ã–π –°—Ä–æ–∫. (–ò–°)"
2020-09-16;896762328;"–ó–∞–¥–∞—á–∏ –Ω–∞ –ò—Å–ø—ã—Ç–∞—Ç–µ–ª—å–Ω—ã–π –°—Ä–æ–∫.

–í –ø–µ—Ä–≤—ã–µ —Ä–∞–±–æ—á–∏–µ –¥–Ω–∏ —Ç–µ–±–µ –ø—Ä–µ–¥—Å—Ç–æ–∏—Ç –≤—Å—Ç—Ä–µ—Ç–∏—Ç—å—Å—è —Å —Ä—É–∫–æ–≤–æ–¥–∏—Ç–µ–ª–µ–º ü¶∏‚Äç‚ôÇÔ∏è –∏ –ø—Ä–æ–≥–æ–≤–æ—Ä–∏—Ç—å –∑–∞–¥–∞—á–∏ –Ω–∞ –∏—Å–ø—ã—Ç–∞—Ç–µ–ª—å–Ω—ã–π —Å—Ä–æ–∫.

–î–ª—è —É–¥–æ–±—Å—Ç–≤–∞, –≤ –∫–∞–ª–µ–Ω–¥–∞—Ä–µ üìÜ –∞–≤—Ç–æ–º–∞—Ç–∏—á–µ—Å–∫–∏ –ø–æ—è–≤–∏—Ç—Å—è –≤—Å—Ç—Ä–µ—á–∞.


–ü–æ–∂–∞–ª—É–π—Å—Ç–∞ üôè , –æ—Ç–Ω–µ—Å–∏—Å—å –æ—Ç–≤–µ—Ç—Å—Ç–≤–µ–Ω–Ω–æ –∫ —ç—Ç–æ–º—É –≤–æ–ø—Ä–æ—Å—É. –í–µ–¥—å –∑–∞–¥–∞—á–∏, –æ–≥–æ–≤–æ—Ä–µ–Ω–Ω—ã–µ —Å —Ä—É–∫–æ–≤–æ–¥–∏—Ç–µ–ª–µ–º - —ç—Ç–æ —Ç–µ –∫—Ä–∏—Ç–µ—Ä–∏–∏, –ø–æ –∫–æ—Ç–æ—Ä—ã–º –æ–Ω –±—É–¥–µ—Ç –æ—Ü–µ–Ω–∏–≤–∞—Ç—å —Ç–≤–æ—é —Ä–∞–±–æ—Ç—É, –ø–æ–¥–≤–æ–¥—è –∏—Ç–æ–≥–∏ –∏—Å–ø—ã—Ç–∞—Ç–µ–ª—å–Ω–æ–≥–æ —Å—Ä–æ–∫–∞. üéØ


–ü–æ—Å–ª–µ –æ–±—Å—É–∂–¥–µ–Ω–∏—è —Å —Ä—É–∫–æ–≤–æ–¥–∏—Ç–µ–ª–µ–º, —Ç–µ–±–µ –Ω–µ–æ–±—Ö–æ–¥–∏–º–æ –≤–Ω–µ—Å—Ç–∏ –∑–∞–¥–∞—á–∏ –≤ —Å–ø–µ—Ü–∏–∞–ª—å–Ω—É—é —Ñ–æ—Ä–º—É –Ω–∞ –ø–æ—Ä—Ç–∞–ª–µ –≤ —Ä–∞–∑–¥–µ–ª–µ ¬´–ê–¥–∞–ø—Ç–∞—Ü–∏—è¬ª. üíª"
2020-09-16;896762328;"–ù–∞–≤–µ—Ä–Ω–æ–µ –¥–ª—è –ø–µ—Ä–≤–æ–≥–æ –¥–Ω—è –¥–æ—Å—Ç–∞—Ç–æ—á–Ω–æ? ü§î

–ò–ª–∏ —Ö–æ—á–µ—à—å —É–∑–Ω–∞—Ç—å –±–æ–ª—å—à–µ –ø–æ–ª–µ–∑–Ω–æ—Å—Ç–µ–π? üìö"
2020-09-16;896762328;"–ù—É —á—Ç–æ, –ø—Ä–æ–¥–æ–ª–∂–∏–º? üòÄ –í–æ—Ç –µ—â–µ 6 –ø–æ–ª–µ–∑–Ω—ã—Ö —Ç–µ–º. üìñ

13 - Welcome-—Ç—Ä–µ–Ω–∏–Ω–≥

14 - –°–ø—Ä–∞–≤–∫–∞ 182–ù –∏ –¥—Ä—É–≥–∏–µ –∫–∞–¥—Ä–æ–≤—ã–µ –≤–æ–ø—Ä–æ—Å—ã

15 - –†–µ—Ñ–µ—Ä–∞–ª—å–Ω–∞—è –ø—Ä–æ–≥—Ä–∞–º–º–∞ - —Å–æ–∑–¥–∞–µ–º –∫–æ–º–∞–Ω–¥—É –µ–¥–∏–Ω–æ–º—ã—à–ª–µ–Ω–Ω–∏–∫–æ–≤

16 - –≠–ª–µ–∫—Ç—Ä–æ–Ω–Ω—ã–µ –∫—É—Ä—Å—ã

17 - –ö–∞–∫ –Ω–∞—Å—Ç—Ä–æ–∏—Ç—å –ø–æ–¥–ø–∏—Å—å –≤ —ç–ª–µ–∫—Ç—Ä–æ–Ω–Ω–æ–π –ø–æ—á—Ç–µ Outlook?

18 - –ö–∞–∫ –∑–∞–∫–∞–∑–∞—Ç—å –≤–∏–∑–∏—Ç–∫–∏?"
2020-09-16;896762328;"–ö–∞–∫ –∑–∞–∫–∞–∑–∞—Ç—å –≤–∏–∑–∏—Ç–∫–∏?

–ï—Å–ª–∏ —Ç–µ–±–µ –Ω—É–∂–Ω—ã –≤–∏–∑–∏—Ç–Ω—ã–µ –∫–∞—Ä—Ç–æ—á–∫–∏, –≤—Å—ë –ø—Ä–æ—Å—Ç–æ: üëå

1. –ó–∞–ø–æ–ª–Ω–∏ –ë–ª–∞–Ω–∫-–ó–∞—è–≤–∫—É üìÉ –Ω–∞ –≤–∏–∑–∏—Ç–Ω—ã–µ –∫–∞—Ä—Ç–æ—á–∫–∏ (—Ñ–∞–π–ª –º–æ–∂–Ω–æ –Ω–∞–π—Ç–∏ –Ω–∞ –ø–æ—Ä—Ç–∞–ª–µ)

2. –û—Ç–ø—Ä–∞–≤—å üöÄ –∑–∞–ø–æ–ª–Ω–µ–Ω–Ω—É—é –ë–ª–∞–Ω–∫-–ó–∞—è–≤–∫—É –Ω–∞ –ø–æ—á—Ç—É –ú–∏—Ö–∞–ª—å—á–µ–Ω–∫–æ –ú–∞—Ä–∏–∏ (–≤–Ω. —Ç–µ–ª. - 14251).

3. –ï—Å–ª–∏ —Ç–≤–æ—è –¥–æ–ª–∂–Ω–æ—Å—Ç—å –Ω–∏–∂–µ –¥–æ–ª–∂–Ω–æ—Å—Ç–∏ –ù–∞—á–∞–ª—å–Ω–∏–∫–∞ –æ—Ç–¥–µ–ª–∞, –Ω–µ–æ–±—Ö–æ–¥–∏–º–æ –æ—Ç–ø—Ä–∞–≤–∏—Ç—å –∑–∞–ø–æ–ª–Ω–µ–Ω–Ω—É—é –ë–ª–∞–Ω–∫-–ó–∞—è–≤–∫—É —Å –ø–∏—Å—å–º–æ–º-—Å–æ–≥–ª–∞—Å–æ–≤–∞–Ω–∏–µ–º —Å–≤–æ–µ–≥–æ —Ä—É–∫–æ–≤–æ–¥–∏—Ç–µ–ª—è. ü¶∏‚Äç‚ôÇÔ∏è"
2020-09-16;896762328;"–Ø —Ä–∞–¥ –±—ã—Ç—å —Ç–µ–±–µ –ø–æ–ª–µ–∑–Ω—ã–º. ‚ò∫Ô∏è –í–æ—Ç –µ—â–µ –Ω–µ–º–Ω–æ–≥–æ –∏–Ω—Ñ–æ—Ä–º–∞—Ü–∏–∏.

19 - –®–∞–±–ª–æ–Ω –ø—Ä–µ–∑–µ–Ω—Ç–∞—Ü–∏–∏: —Å–∫–∞—á–∞–π –∏ –ø–æ–ª—å–∑—É–π—Å—è!

20 - –ö–∞–∫ –∑–∞–∫–∞–∑–∞—Ç—å –ø—Ä–æ–ø—É—Å–∫ –¥–ª—è –≥–æ—Å—Ç—è?

21 - –ö–∞–∫ –∑–∞–±—Ä–æ–Ω–∏—Ä–æ–≤–∞—Ç—å –ø–µ—Ä–µ–≥–æ–≤–æ—Ä–Ω—É—é?"
2020-09-16;896762328;"üí° –í–∞–∂–Ω–∞—è –∏–Ω—Ñ–æ—Ä–º–∞—Ü–∏—è!


 üëâ –õ–æ–∫–∞—Ü–∏–∏ ¬´–ú–µ–¥–∏–∞—Ä—É–º¬ª –∏ ¬´–û–±—å¬ª –±—Ä–æ–Ω–∏—Ä—É—é—Ç—Å—è —Ç–æ–ª—å–∫–æ –ø–æ—Å–ª–µ –ø–æ–¥—Ç–≤–µ—Ä–∂–¥–µ–Ω–∏—è —Å–æ—Ç—Ä—É–¥–Ω–∏–∫–æ–º –¶–µ–Ω—Ç—Ä–∞ –æ–±—É—á–µ–Ω–∏—è –ö–æ—Ä–ø–æ—Ä–∞—Ç–∏–≤–Ω–æ–≥–æ —É–Ω–∏–≤–µ—Ä—Å–∏—Ç–µ—Ç–∞ –ë–∞–Ω–∫–∞ (–æ—Ç–±–∏–≤–∫–∞ –ø—Ä–∏—Ö–æ–¥–∏—Ç –∞–≤—Ç–æ–º–∞—Ç–∏—á–µ—Å–∫–∏).


üëâ –ü–µ—Ä–µ–≥–æ–≤–æ—Ä–Ω–∞—è #1 –≤ –∫–æ–≤–æ—Ä–∫–∏–Ω–≥–µ –±—Ä–æ–Ω–∏—Ä—É–µ—Ç—Å—è —Ç–æ–ª—å–∫–æ —á–µ—Ä–µ–∑ —Å–µ–∫—Ä–µ—Ç–∞—Ä–µ–π –ü—Ä–µ–¥–ø—Ä–∞–≤–ª–µ–Ω–∏—è.


üëâ –ë—Ä–æ–Ω—å –ø–µ—Ä–µ–≥–æ–≤–æ—Ä–Ω—ã—Ö (–∑–∞ –∏—Å–∫–ª—é—á–µ–Ω–∏–µ–º ¬´–ú–µ–¥–∏–∞—Ä—É–º–∞¬ª –∏ –ø–µ—Ä–µ–≥–æ–≤–æ—Ä–Ω–æ–π #1) –æ—Å—É—â–µ—Å—Ç–≤–ª—è–µ—Ç—Å—è –Ω–µ –¥–∞–ª—å—à–µ, —á–µ–º –Ω–∞ 3 –º–µ—Å—è—Ü–∞ –≤–ø–µ—Ä–µ–¥.


–í —Å–ª—É—á–∞–µ –æ—Ç–º–µ–Ω—ã –≤—Å—Ç—Ä–µ—á–∏, –æ—á–µ–Ω—å –ø—Ä–æ—Å–∏–º üôè –≤–∞—Å —É–¥–∞–ª–∏—Ç—å –µ–µ –∏–∑ Outlook. –¢–∞–∫ –º—ã —Å–º–æ–∂–µ–º —Å–¥–µ–ª–∞—Ç—å –ø—Ä–æ—Ü–µ—Å—Å –±—Ä–æ–Ω–∏—Ä–æ–≤–∞–Ω–∏—è –ª–æ–∫–∞—Ü–∏–π –ë–∞–Ω–∫–∞ –µ—â–µ —ç—Ñ—Ñ–µ–∫—Ç–∏–≤–Ω–µ–µ."
2020-09-16;896762328;
2020-09-16;896762328;–û–≥–æ! –ê —è —Ç—É—Ç —Å–æ–≤—Å–µ–º –∑–∞—Å–∫—É—á–∞–ª üòî. –ú–æ–∂–µ—Ç —Ç–µ–±–µ –Ω—É–∂–Ω–∞ –ø–æ–º–æ—â—å? üëã
2020-09-16;896762328;–°–ø–∞—Å–∏–±–æ –∑–∞ –æ–±—Ä–∞—Ç–Ω—É—é —Å–≤—è–∑—å! ü§ù
2020-09-16;896762328;
2020-09-16;896762328;–î–ª—è –≤—ã–±–æ—Ä–∞ –≤–∞—Ä–∏–∞–Ω—Ç–∞ –Ω–∞–∂–º–∏ –Ω–∞ —Ü–∏—Ñ—Ä—É. üëá
2020-09-16;896762328;–ü–æ–∂–∞–ª—É–π—Å—Ç–∞, üôè —Å–æ–æ–±—â–∏ –æ–± —ç—Ç–æ–º —Å–≤–æ–µ–º—É –∫—É—Ä–∞—Ç–æ—Ä—É –∏–∑ –¶–µ–Ω—Ç—Ä–∞ –ø–æ –ø–æ–¥–±–æ—Ä—É –ø–µ—Ä—Å–æ–Ω–∞–ª–∞ –ú–¢–° –ë–∞–Ω–∫–∞
2020-09-16;896762328;
2020-09-16;896762328;—Å—Å—ã–ª–∫–∞ https://davaj-znakomitsya-4.testograf.ru/
2020-09-17;1382982303;/start
2020-09-17;1382982303;/start
2020-09-17;1382982303;/start
2020-09-17;1382982303;—Å—Ç–∞—Ç–∏—Å—Ç–∏–∫–∞
2020-09-17;1382982303;C—Ç–∞—Ç–∏—Å—Ç–∏–∫–∞ 2 –∫–æ–º–∞–Ω–¥—ã
2020-09-17;1382982303;–∞
2020-09-17;1382982303;/start
2020-09-17;1382982303;—Ñ
2020-09-17;1382982303;/start
2020-09-17;1382982303;C—Ç–∞—Ç–∏—Å—Ç–∏–∫–∞ 2 –∫–æ–º–∞–Ω–¥—ã
2020-09-17;1382982303;–≤
2020-09-17;1382982303;/start
2020-09-17;1382982303;–∞
2020-09-17;1382982303;/start
2020-09-17;1382982303;–≤
2020-09-17;1382982303;/start
2020-09-17;1382982303;–∞
2020-09-17;1382982303;/start
2020-09-17;1382982303;–∞
2020-09-17;1382982303;/start
2020-09-17;1382982303;–°—Ç–∞—Ç–∏—Å—Ç–∏–∫–∞ 2 –ø–æ–ª—å–∑–æ–≤–∞—Ç–µ–ª–∏ –∫–æ–º–∞–Ω–¥—ã —Ç—Ö—Ç
2020-09-17;1382982303;–°—Ç–∞—Ç–∏—Å—Ç–∏–∫–∞ 2 –ø–æ–ª—å–∑–æ–≤–∞—Ç–µ–ª–∏ –∫–æ–º–∞–Ω–¥—ã
2020-09-17;1382982303;/start
2020-09-17;1382982303;–°—Ç–∞—Ç–∏—Å—Ç–∏–∫–∞ 2 –ø–æ–ª—å–∑–æ–≤–∞—Ç–µ–ª–∏ –∫–æ–º–∞–Ω–¥—ã —Ç—Ö—Ç
2020-09-17;1382982303;–°—Ç–∞—Ç–∏—Å—Ç–∏–∫–∞ 2 –ø–æ–ª—å–∑–æ–≤–∞—Ç–µ–ª–∏ –∫–æ–º–∞–Ω–¥—ã
2020-09-17;1382982303;/start
2020-09-17;1382982303;–°—Ç–∞—Ç–∏—Å—Ç–∏–∫–∞ 2 –ø–æ–ª—å–∑–æ–≤–∞—Ç–µ–ª–∏ –∫–æ–º–∞–Ω–¥—ã
2020-09-17;1382982303;–∞
2020-09-17;1382982303;–î–ª—è –≤—ã–±–æ—Ä–∞ –≤–∞—Ä–∏–∞–Ω—Ç–∞ –Ω–∞–∂–º–∏ –Ω–∞ —Ü–∏—Ñ—Ä—É. üëá
2020-09-17;1382982303;/start
2020-09-17;1382982303;–°—Ç–∞—Ç–∏—Å—Ç–∏–∫–∞ 2 –∫–æ–º–∞–Ω–¥—ã txt
2020-09-17;1382982303;/start
2020-09-17;1382982303;–°—Ç–∞—Ç–∏—Å—Ç–∏–∫–∞ 2 –ø–æ–ª—å–∑–æ–≤–∞—Ç–µ–ª–∏
2020-09-17;1382982303;–ø–ø
2020-09-17;1382982303;/start
2020-09-17;1382982303;/start
2020-09-17;1382982303;fff
2020-09-17;1382982303;gg
2020-09-17;1382982303;gg
2020-09-17;1382982303;ff
2020-09-17;1382982303;ff
2020-09-17;1382982303;—Å—Ç–∞—Ç–∏—Å—Ç–∏–∫–∞ 1
2020-09-17;1382982303;C—Ç–∞—Ç–∏—Å—Ç–∏–∫–∞ 2 –ø–æ–ª—å–∑–æ–≤–∞—Ç–µ–ª–∏ –∫–æ–º–∞–Ω–¥—ã
2020-09-17;1382982303;—Å—Ç–∞—Ç–∏—Å—Ç–∏–∫–∞
2020-09-17;1382982303;—Å—Ç–∞—Ç–∏—Å—Ç–∏–∫–∞ 1
2020-09-17;1382982303;—Å—Ç–∞—Ç–∏—Å—Ç–∏–∫–∞ 2
2020-09-17;1382982303;–°—Ç–∞—Ç–∏—Å—Ç–∏–∫–∞ 1
2020-09-17;1382982303;—Å—Ç–∞—Ç–∏—Å—Ç–∏–∫–∞ 1 –ø–æ–ª—å–∑–æ–≤–∞—Ç–µ–ª–∏
2020-09-17;1382982303;—Å—Ç–∞—Ç–∏—Å—Ç–∏–∫–∞ 1 –∫–æ–º–∞–Ω–¥—ã
2020-09-17;1382982303;—Å—Ç–∞—Ç–∏—Å—Ç–∏–∫–∞ 1 –ø–æ–ª—å–∑–æ–≤–∞—Ç–µ–ª–∏
2020-09-17;1382982303;—Å—Ç–∞—Ç–∏—Å—Ç–∏–∫–∞ 1 –∫–æ–∏–º–∞–Ω–¥—ã
2020-09-17;1382982303;—Å—Ç–∞—Ç–∏—Å—Ç–∏–∫–∞ 1 –∫–æ–º–∞–Ω–¥—ã
2020-09-17;1382982303;/start
2020-09-17;1382982303;—Å—Ç–∞—Ç–∏—Å—Ç–∏–∫–∞ 1 –ø–æ–ª—å–∑–æ–≤–∞—Ç–µ–ª–∏
2020-09-17;1382982303;—Å—Ç–∞—Ç–∏—Å—Ç–∏–∫–∞ 1 –∫–æ–º–∞–Ω–¥—ã
2020-09-17;1382982303;/start
2020-09-17;896762328;/start
2020-09-17;896762328;–ò—Ä–∞
2020-09-17;896762328;–ò—Ä–∞
2020-09-17;896762328;–î–ª—è –≤—ã–±–æ—Ä–∞ –≤–∞—Ä–∏–∞–Ω—Ç–∞ –Ω–∞–∂–º–∏ –Ω–∞ —Ü–∏—Ñ—Ä—É. üëá
2020-09-17;896762328;"–ü–µ—Ä–µ—á–µ–Ω—å –Ω–µ–æ–±—Ö–æ–¥–∏–º—ã—Ö –¥–æ–∫—É–º–µ–Ω—Ç–æ–≤: ‚ò∫Ô∏è

1) –ê–Ω–∫–µ—Ç–∞ –∏ –°–æ–≥–ª–∞—Å–∏–µ –Ω–∞ –æ–±—Ä–∞–±–æ—Ç–∫—É –ø–µ—Ä—Å–æ–Ω–∞–ª—å–Ω—ã—Ö –¥–∞–Ω–Ω—ã—Ö (–Ω–µ–æ–±—Ö–æ–¥–∏–º–æ —Ä–∞—Å–ø–µ—á–∞—Ç–∞—Ç—å, –ø–æ–¥–ø–∏—Å–∞—Ç—å –æ—Ç —Ä—É–∫–∏ ‚úçÔ∏è –∏ –ø—Ä–∏–ª–æ–∂–∏—Ç—å –≤ –≤–∏–¥–µ —Å–∫–∞–Ω–∞ –∏–ª–∏ —Ñ–æ—Ç–æ);

2) –ü—Ä–∏–ª–æ–∂–µ–Ω–∏–µ –∫ –ê–Ω–∫–µ—Ç–µ –∫–∞–Ω–¥–∏–¥–∞—Ç–∞ (–Ω–µ–æ–±—Ö–æ–¥–∏–º–æ —Ä–∞—Å–ø–µ—á–∞—Ç–∞—Ç—å üñ® , –ø–æ–¥–ø–∏—Å–∞—Ç—å –æ—Ç —Ä—É–∫–∏ –∏ –ø—Ä–∏–ª–æ–∂–∏—Ç—å –≤ –≤–∏–¥–µ —Å–∫–∞–Ω–∞ –∏–ª–∏ —Ñ–æ—Ç–æ);

3) –î–µ–∫–ª–∞—Ä–∞—Ü–∏—è –ö–æ–¥–µ–∫—Å —ç—Ç–∏–∫–∏ (–Ω–µ–æ–±—Ö–æ–¥–∏–º–æ –∑–∞–ø–æ–ª–Ω–∏—Ç—å —Ç–æ–ª—å–∫–æ –≤ —Ç–æ–º —Å–ª—É—á–∞–µ, –µ—Å–ª–∏ –í—ã —è–≤–ª—è–µ—Ç–µ—Å—å —É—á—Ä–µ–¥–∏—Ç–µ–ª–µ–º –ò–ü, –û–û–û, –≤–ª–∞–¥–µ–µ—Ç–µ –¥–æ–ª—è–º–∏, –∞–∫—Ü–∏—è–º–∏ –∏–Ω–æ–π –∫–æ–º–ø–∞–Ω–∏–∏ (–∫—Ä–æ–º–µ –ø—É–±–ª–∏—á–Ω–æ –æ–±—Ä–∞—â–∞—é—â–∏—Ö—Å—è –Ω–∞ –æ—Ä–≥–∞–Ω–∏–∑–æ–≤–∞–Ω–Ω—ã—Ö —Ç–æ—Ä–≥–∞—Ö));

4) –ü–∞—Å–ø–æ—Ä—Ç (–≤—Å–µ —Å—Ç—Ä–∞–Ω–∏—Ü—ã —Å –∑–∞–ø–∏—Å—è–º–∏);

5) –ü—Ä–∏–ø–∏—Å–Ω–æ–µ —Å–≤–∏–¥–µ—Ç–µ–ª—å—Å—Ç–≤–æ / –í–æ–µ–Ω–Ω—ã–π –±–∏–ª–µ—Ç (–≤—Å–µ —Å—Ç—Ä–∞–Ω–∏—Ü—ã —Å –∑–∞–ø–∏—Å—è–º–∏);

6) –°—Ç—É–¥–µ–Ω—á–µ—Å–∫–∏–π –±–∏–ª–µ—Ç (—Å–ø—Ä–∞–≤–∫–∞ –∏–∑ –í–£–ó–∞) / –î–∏–ø–ª–æ–º;

7) –¢—Ä—É–¥–æ–≤–∞—è –∫–Ω–∏–∂–∫–∞ üìñ (–ª–∏–±–æ –∞–∫—Ç—É–∞–ª—å–Ω–∞—è –∫–æ–ø–∏—è);

8) –°–≤–∏–¥–µ—Ç–µ–ª—å—Å—Ç–≤–æ –ü–µ–Ω—Å–∏–æ–Ω–Ω–æ–≥–æ –°—Ç—Ä–∞—Ö–æ–≤–∞–Ω–∏—è (–°–ù–ò–õ–°);

9) –ò–ù–ù.

–§—É—Ö! –í—Å—ë! ü•≥"
2020-09-17;896762328;"–£ —Ç–µ–±—è —É–∂–µ –≥–æ—Ç–æ–≤—ã —ç—Ç–∏ –¥–æ–∫—É–º–µ–Ω—Ç—ã? üßê

1 - –£ –º–µ–Ω—è –Ω–µ —Ö–≤–∞—Ç–∞–µ—Ç —á–∞—Å—Ç–∏ –¥–æ–∫—É–º–µ–Ω—Ç–æ–≤ ü§∑‚Äç‚ôÄÔ∏è

2 - –î–∞, —è –≤—Å–µ —É–∂–µ –ø–æ–¥–≥–æ—Ç–æ–≤–∏–ª"
2020-09-17;896762328;/start
2020-09-17;896762328;–°—Ç–∞—Ç–∏—Å—Ç–∏–∫–∞ 1 –ø–æ–ª—å–∑–æ–≤–∞—Ç–µ–ª–∏
2020-09-17;896762328;–ò—Ä–∞
2020-09-17;896762328;–ò—Ä–∞
2020-09-17;896762328;–î–ª—è –≤—ã–±–æ—Ä–∞ –≤–∞—Ä–∏–∞–Ω—Ç–∞ –Ω–∞–∂–º–∏ –Ω–∞ —Ü–∏—Ñ—Ä—É. üëá
2020-09-17;896762328;/start
2020-09-17;896762328;–°—Ç–∞—Ç–∏—Å—Ç–∏–∫–∞ 1 –ø–æ–ª—å–∑–æ–≤–∞—Ç–µ–ª–∏
2020-09-17;896762328;–°—Ç–∞—Ç–∏—Å—Ç–∏–∫–∞ 2 –ø–æ–ª—å–∑–æ–≤–∞—Ç–µ–ª–∏
2020-09-30;361979798;/start
2020-09-30;1382982303;/start
2020-09-30;1382982303;hg
2020-09-30;1382982303;hg
2020-09-30;1382982303;–î–ª—è –≤—ã–±–æ—Ä–∞ –≤–∞—Ä–∏–∞–Ω—Ç–∞ –Ω–∞–∂–º–∏ –Ω–∞ —Ü–∏—Ñ—Ä—É. üëá
2020-09-30;1382982303;"–ü–µ—Ä–µ—á–µ–Ω—å –Ω–µ–æ–±—Ö–æ–¥–∏–º—ã—Ö –¥–æ–∫—É–º–µ–Ω—Ç–æ–≤: ‚ò∫Ô∏è

1) –ê–Ω–∫–µ—Ç–∞ –∏ –°–æ–≥–ª–∞—Å–∏–µ –Ω–∞ –æ–±—Ä–∞–±–æ—Ç–∫—É –ø–µ—Ä—Å–æ–Ω–∞–ª—å–Ω—ã—Ö –¥–∞–Ω–Ω—ã—Ö (–Ω–µ–æ–±—Ö–æ–¥–∏–º–æ —Ä–∞—Å–ø–µ—á–∞—Ç–∞—Ç—å, –ø–æ–¥–ø–∏—Å–∞—Ç—å –æ—Ç —Ä—É–∫–∏ ‚úçÔ∏è –∏ –ø—Ä–∏–ª–æ–∂–∏—Ç—å –≤ –≤–∏–¥–µ —Å–∫–∞–Ω–∞ –∏–ª–∏ —Ñ–æ—Ç–æ);

2) –ü—Ä–∏–ª–æ–∂–µ–Ω–∏–µ –∫ –ê–Ω–∫–µ—Ç–µ –∫–∞–Ω–¥–∏–¥–∞—Ç–∞ (–Ω–µ–æ–±—Ö–æ–¥–∏–º–æ —Ä–∞—Å–ø–µ—á–∞—Ç–∞—Ç—å üñ® , –ø–æ–¥–ø–∏—Å–∞—Ç—å –æ—Ç —Ä—É–∫–∏ –∏ –ø—Ä–∏–ª–æ–∂–∏—Ç—å –≤ –≤–∏–¥–µ —Å–∫–∞–Ω–∞ –∏–ª–∏ —Ñ–æ—Ç–æ);

3) –î–µ–∫–ª–∞—Ä–∞—Ü–∏—è –ö–æ–¥–µ–∫—Å —ç—Ç–∏–∫–∏ (–Ω–µ–æ–±—Ö–æ–¥–∏–º–æ –∑–∞–ø–æ–ª–Ω–∏—Ç—å —Ç–æ–ª—å–∫–æ –≤ —Ç–æ–º —Å–ª—É—á–∞–µ, –µ—Å–ª–∏ –í—ã —è–≤–ª—è–µ—Ç–µ—Å—å —É—á—Ä–µ–¥–∏—Ç–µ–ª–µ–º –ò–ü, –û–û–û, –≤–ª–∞–¥–µ–µ—Ç–µ –¥–æ–ª—è–º–∏, –∞–∫—Ü–∏—è–º–∏ –∏–Ω–æ–π –∫–æ–º–ø–∞–Ω–∏–∏ (–∫—Ä–æ–º–µ –ø—É–±–ª–∏—á–Ω–æ –æ–±—Ä–∞—â–∞—é—â–∏—Ö—Å—è –Ω–∞ –æ—Ä–≥–∞–Ω–∏–∑–æ–≤–∞–Ω–Ω—ã—Ö —Ç–æ—Ä–≥–∞—Ö));

4) –ü–∞—Å–ø–æ—Ä—Ç (–≤—Å–µ —Å—Ç—Ä–∞–Ω–∏—Ü—ã —Å –∑–∞–ø–∏—Å—è–º–∏);

5) –ü—Ä–∏–ø–∏—Å–Ω–æ–µ —Å–≤–∏–¥–µ—Ç–µ–ª—å—Å—Ç–≤–æ / –í–æ–µ–Ω–Ω—ã–π –±–∏–ª–µ—Ç (–≤—Å–µ —Å—Ç—Ä–∞–Ω–∏—Ü—ã —Å –∑–∞–ø–∏—Å—è–º–∏);

6) –°—Ç—É–¥–µ–Ω—á–µ—Å–∫–∏–π –±–∏–ª–µ—Ç (—Å–ø—Ä–∞–≤–∫–∞ –∏–∑ –í–£–ó–∞) / –î–∏–ø–ª–æ–º;

7) –¢—Ä—É–¥–æ–≤–∞—è –∫–Ω–∏–∂–∫–∞ üìñ (–ª–∏–±–æ –∞–∫—Ç—É–∞–ª—å–Ω–∞—è –∫–æ–ø–∏—è);

8) –°–≤–∏–¥–µ—Ç–µ–ª—å—Å—Ç–≤–æ –ü–µ–Ω—Å–∏–æ–Ω–Ω–æ–≥–æ –°—Ç—Ä–∞—Ö–æ–≤–∞–Ω–∏—è (–°–ù–ò–õ–°);

9) –ò–ù–ù.

–§—É—Ö! –í—Å—ë! ü•≥"
2020-09-30;1382982303;"–£ —Ç–µ–±—è —É–∂–µ –≥–æ—Ç–æ–≤—ã —ç—Ç–∏ –¥–æ–∫—É–º–µ–Ω—Ç—ã? üßê

1 - –£ –º–µ–Ω—è –Ω–µ —Ö–≤–∞—Ç–∞–µ—Ç —á–∞—Å—Ç–∏ –¥–æ–∫—É–º–µ–Ω—Ç–æ–≤ ü§∑‚Äç‚ôÄÔ∏è

2 - –î–∞, —è –≤—Å–µ —É–∂–µ –ø–æ–¥–≥–æ—Ç–æ–≤–∏–ª"
2020-09-30;1382982303;/start
2020-09-30;896762328;/start
2020-09-30;896762328;–ò—Ä–∞
2020-09-30;896762328;–ò—Ä–∞
2020-09-30;896762328;–î–ª—è –≤—ã–±–æ—Ä–∞ –≤–∞—Ä–∏–∞–Ω—Ç–∞ –Ω–∞–∂–º–∏ –Ω–∞ —Ü–∏—Ñ—Ä—É. üëá
2020-09-30;896762328;"–ü–µ—Ä–µ—á–µ–Ω—å –Ω–µ–æ–±—Ö–æ–¥–∏–º—ã—Ö –¥–æ–∫—É–º–µ–Ω—Ç–æ–≤: ‚ò∫Ô∏è

1) –ê–Ω–∫–µ—Ç–∞ –∏ –°–æ–≥–ª–∞—Å–∏–µ –Ω–∞ –æ–±—Ä–∞–±–æ—Ç–∫—É –ø–µ—Ä—Å–æ–Ω–∞–ª—å–Ω—ã—Ö –¥–∞–Ω–Ω—ã—Ö (–Ω–µ–æ–±—Ö–æ–¥–∏–º–æ —Ä–∞—Å–ø–µ—á–∞—Ç–∞—Ç—å, –ø–æ–¥–ø–∏—Å–∞—Ç—å –æ—Ç —Ä—É–∫–∏ ‚úçÔ∏è –∏ –ø—Ä–∏–ª–æ–∂–∏—Ç—å –≤ –≤–∏–¥–µ —Å–∫–∞–Ω–∞ –∏–ª–∏ —Ñ–æ—Ç–æ);

2) –ü—Ä–∏–ª–æ–∂–µ–Ω–∏–µ –∫ –ê–Ω–∫–µ—Ç–µ –∫–∞–Ω–¥–∏–¥–∞—Ç–∞ (–Ω–µ–æ–±—Ö–æ–¥–∏–º–æ —Ä–∞—Å–ø–µ—á–∞—Ç–∞—Ç—å üñ® , –ø–æ–¥–ø–∏—Å–∞—Ç—å –æ—Ç —Ä—É–∫–∏ –∏ –ø—Ä–∏–ª–æ–∂–∏—Ç—å –≤ –≤–∏–¥–µ —Å–∫–∞–Ω–∞ –∏–ª–∏ —Ñ–æ—Ç–æ);

3) –î–µ–∫–ª–∞—Ä–∞—Ü–∏—è –ö–æ–¥–µ–∫—Å —ç—Ç–∏–∫–∏ (–Ω–µ–æ–±—Ö–æ–¥–∏–º–æ –∑–∞–ø–æ–ª–Ω–∏—Ç—å —Ç–æ–ª—å–∫–æ –≤ —Ç–æ–º —Å–ª—É—á–∞–µ, –µ—Å–ª–∏ –í—ã —è–≤–ª—è–µ—Ç–µ—Å—å —É—á—Ä–µ–¥–∏—Ç–µ–ª–µ–º –ò–ü, –û–û–û, –≤–ª–∞–¥–µ–µ—Ç–µ –¥–æ–ª—è–º–∏, –∞–∫—Ü–∏—è–º–∏ –∏–Ω–æ–π –∫–æ–º–ø–∞–Ω–∏–∏ (–∫—Ä–æ–º–µ –ø—É–±–ª–∏—á–Ω–æ –æ–±—Ä–∞—â–∞—é—â–∏—Ö—Å—è –Ω–∞ –æ—Ä–≥–∞–Ω–∏–∑–æ–≤–∞–Ω–Ω—ã—Ö —Ç–æ—Ä–≥–∞—Ö));

4) –ü–∞—Å–ø–æ—Ä—Ç (–≤—Å–µ —Å—Ç—Ä–∞–Ω–∏—Ü—ã —Å –∑–∞–ø–∏—Å—è–º–∏);

5) –ü—Ä–∏–ø–∏—Å–Ω–æ–µ —Å–≤–∏–¥–µ—Ç–µ–ª—å—Å—Ç–≤–æ / –í–æ–µ–Ω–Ω—ã–π –±–∏–ª–µ—Ç (–≤—Å–µ —Å—Ç—Ä–∞–Ω–∏—Ü—ã —Å –∑–∞–ø–∏—Å—è–º–∏);

6) –°—Ç—É–¥–µ–Ω—á–µ—Å–∫–∏–π –±–∏–ª–µ—Ç (—Å–ø—Ä–∞–≤–∫–∞ –∏–∑ –í–£–ó–∞) / –î–∏–ø–ª–æ–º;

7) –¢—Ä—É–¥–æ–≤–∞—è –∫–Ω–∏–∂–∫–∞ üìñ (–ª–∏–±–æ –∞–∫—Ç—É–∞–ª—å–Ω–∞—è –∫–æ–ø–∏—è);

8) –°–≤–∏–¥–µ—Ç–µ–ª—å—Å—Ç–≤–æ –ü–µ–Ω—Å–∏–æ–Ω–Ω–æ–≥–æ –°—Ç—Ä–∞—Ö–æ–≤–∞–Ω–∏—è (–°–ù–ò–õ–°);

9) –ò–ù–ù.

–§—É—Ö! –í—Å—ë! ü•≥"
2020-09-30;896762328;"–£ —Ç–µ–±—è —É–∂–µ –≥–æ—Ç–æ–≤—ã —ç—Ç–∏ –¥–æ–∫—É–º–µ–Ω—Ç—ã? üßê

1 - –£ –º–µ–Ω—è –Ω–µ —Ö–≤–∞—Ç–∞–µ—Ç —á–∞—Å—Ç–∏ –¥–æ–∫—É–º–µ–Ω—Ç–æ–≤ ü§∑‚Äç‚ôÄÔ∏è

2 - –î–∞, —è –≤—Å–µ —É–∂–µ –ø–æ–¥–≥–æ—Ç–æ–≤–∏–ª"
2020-09-30;1382982303;/start
2020-09-30;1382982303;h
2020-09-30;1382982303;h
2020-09-30;1382982303;–î–ª—è –≤—ã–±–æ—Ä–∞ –≤–∞—Ä–∏–∞–Ω—Ç–∞ –Ω–∞–∂–º–∏ –Ω–∞ —Ü–∏—Ñ—Ä—É. üëá
2020-09-30;1382982303;"–ü–µ—Ä–µ—á–µ–Ω—å –Ω–µ–æ–±—Ö–æ–¥–∏–º—ã—Ö –¥–æ–∫—É–º–µ–Ω—Ç–æ–≤: ‚ò∫Ô∏è

1) –ê–Ω–∫–µ—Ç–∞ –∏ –°–æ–≥–ª–∞—Å–∏–µ –Ω–∞ –æ–±—Ä–∞–±–æ—Ç–∫—É –ø–µ—Ä—Å–æ–Ω–∞–ª—å–Ω—ã—Ö –¥–∞–Ω–Ω—ã—Ö (–Ω–µ–æ–±—Ö–æ–¥–∏–º–æ —Ä–∞—Å–ø–µ—á–∞—Ç–∞—Ç—å, –ø–æ–¥–ø–∏—Å–∞—Ç—å –æ—Ç —Ä—É–∫–∏ ‚úçÔ∏è –∏ –ø—Ä–∏–ª–æ–∂–∏—Ç—å –≤ –≤–∏–¥–µ —Å–∫–∞–Ω–∞ –∏–ª–∏ —Ñ–æ—Ç–æ);

2) –ü—Ä–∏–ª–æ–∂–µ–Ω–∏–µ –∫ –ê–Ω–∫–µ—Ç–µ –∫–∞–Ω–¥–∏–¥–∞—Ç–∞ (–Ω–µ–æ–±—Ö–æ–¥–∏–º–æ —Ä–∞—Å–ø–µ—á–∞—Ç–∞—Ç—å üñ® , –ø–æ–¥–ø–∏—Å–∞—Ç—å –æ—Ç —Ä—É–∫–∏ –∏ –ø—Ä–∏–ª–æ–∂–∏—Ç—å –≤ –≤–∏–¥–µ —Å–∫–∞–Ω–∞ –∏–ª–∏ —Ñ–æ—Ç–æ);

3) –î–µ–∫–ª–∞—Ä–∞—Ü–∏—è –ö–æ–¥–µ–∫—Å —ç—Ç–∏–∫–∏ (–Ω–µ–æ–±—Ö–æ–¥–∏–º–æ –∑–∞–ø–æ–ª–Ω–∏—Ç—å —Ç–æ–ª—å–∫–æ –≤ —Ç–æ–º —Å–ª—É—á–∞–µ, –µ—Å–ª–∏ –í—ã —è–≤–ª—è–µ—Ç–µ—Å—å —É—á—Ä–µ–¥–∏—Ç–µ–ª–µ–º –ò–ü, –û–û–û, –≤–ª–∞–¥–µ–µ—Ç–µ –¥–æ–ª—è–º–∏, –∞–∫—Ü–∏—è–º–∏ –∏–Ω–æ–π –∫–æ–º–ø–∞–Ω–∏–∏ (–∫—Ä–æ–º–µ –ø—É–±–ª–∏—á–Ω–æ –æ–±—Ä–∞—â–∞—é—â–∏—Ö—Å—è –Ω–∞ –æ—Ä–≥–∞–Ω–∏–∑–æ–≤–∞–Ω–Ω—ã—Ö —Ç–æ—Ä–≥–∞—Ö));

4) –ü–∞—Å–ø–æ—Ä—Ç (–≤—Å–µ —Å—Ç—Ä–∞–Ω–∏—Ü—ã —Å –∑–∞–ø–∏—Å—è–º–∏);

5) –ü—Ä–∏–ø–∏—Å–Ω–æ–µ —Å–≤–∏–¥–µ—Ç–µ–ª—å—Å—Ç–≤–æ / –í–æ–µ–Ω–Ω—ã–π –±–∏–ª–µ—Ç (–≤—Å–µ —Å—Ç—Ä–∞–Ω–∏—Ü—ã —Å –∑–∞–ø–∏—Å—è–º–∏);

6) –°—Ç—É–¥–µ–Ω—á–µ—Å–∫–∏–π –±–∏–ª–µ—Ç (—Å–ø—Ä–∞–≤–∫–∞ –∏–∑ –í–£–ó–∞) / –î–∏–ø–ª–æ–º;

7) –¢—Ä—É–¥–æ–≤–∞—è –∫–Ω–∏–∂–∫–∞ üìñ (–ª–∏–±–æ –∞–∫—Ç—É–∞–ª—å–Ω–∞—è –∫–æ–ø–∏—è);

8) –°–≤–∏–¥–µ—Ç–µ–ª—å—Å—Ç–≤–æ –ü–µ–Ω—Å–∏–æ–Ω–Ω–æ–≥–æ –°—Ç—Ä–∞—Ö–æ–≤–∞–Ω–∏—è (–°–ù–ò–õ–°);

9) –ò–ù–ù.

–§—É—Ö! –í—Å—ë! ü•≥"
2020-09-30;1382982303;"–£ —Ç–µ–±—è —É–∂–µ –≥–æ—Ç–æ–≤—ã —ç—Ç–∏ –¥–æ–∫—É–º–µ–Ω—Ç—ã? üßê

1 - –£ –º–µ–Ω—è –Ω–µ —Ö–≤–∞—Ç–∞–µ—Ç —á–∞—Å—Ç–∏ –¥–æ–∫—É–º–µ–Ω—Ç–æ–≤ ü§∑‚Äç‚ôÄÔ∏è

2 - –î–∞, —è –≤—Å–µ —É–∂–µ –ø–æ–¥–≥–æ—Ç–æ–≤–∏–ª"
2020-09-30;896762328;–î–ª—è –≤—ã–±–æ—Ä–∞ –≤–∞—Ä–∏–∞–Ω—Ç–∞ –Ω–∞–∂–º–∏ –Ω–∞ —Ü–∏—Ñ—Ä—É. üëá
2020-09-30;896762328;"–ü–µ—Ä–µ—á–µ–Ω—å –Ω–µ–æ–±—Ö–æ–¥–∏–º—ã—Ö –¥–æ–∫—É–º–µ–Ω—Ç–æ–≤: ‚ò∫Ô∏è

1) –ê–Ω–∫–µ—Ç–∞ –∏ –°–æ–≥–ª–∞—Å–∏–µ –Ω–∞ –æ–±—Ä–∞–±–æ—Ç–∫—É –ø–µ—Ä—Å–æ–Ω–∞–ª—å–Ω—ã—Ö –¥–∞–Ω–Ω—ã—Ö (–Ω–µ–æ–±—Ö–æ–¥–∏–º–æ —Ä–∞—Å–ø–µ—á–∞—Ç–∞—Ç—å, –ø–æ–¥–ø–∏—Å–∞—Ç—å –æ—Ç —Ä—É–∫–∏ ‚úçÔ∏è –∏ –ø—Ä–∏–ª–æ–∂–∏—Ç—å –≤ –≤–∏–¥–µ —Å–∫–∞–Ω–∞ –∏–ª–∏ —Ñ–æ—Ç–æ);

2) –ü—Ä–∏–ª–æ–∂–µ–Ω–∏–µ –∫ –ê–Ω–∫–µ—Ç–µ –∫–∞–Ω–¥–∏–¥–∞—Ç–∞ (–Ω–µ–æ–±—Ö–æ–¥–∏–º–æ —Ä–∞—Å–ø–µ—á–∞—Ç–∞—Ç—å üñ® , –ø–æ–¥–ø–∏—Å–∞—Ç—å –æ—Ç —Ä—É–∫–∏ –∏ –ø—Ä–∏–ª–æ–∂–∏—Ç—å –≤ –≤–∏–¥–µ —Å–∫–∞–Ω–∞ –∏–ª–∏ —Ñ–æ—Ç–æ);

3) –î–µ–∫–ª–∞—Ä–∞—Ü–∏—è –ö–æ–¥–µ–∫—Å —ç—Ç–∏–∫–∏ (–Ω–µ–æ–±—Ö–æ–¥–∏–º–æ –∑–∞–ø–æ–ª–Ω–∏—Ç—å —Ç–æ–ª—å–∫–æ –≤ —Ç–æ–º —Å–ª—É—á–∞–µ, –µ—Å–ª–∏ –í—ã —è–≤–ª—è–µ—Ç–µ—Å—å —É—á—Ä–µ–¥–∏—Ç–µ–ª–µ–º –ò–ü, –û–û–û, –≤–ª–∞–¥–µ–µ—Ç–µ –¥–æ–ª—è–º–∏, –∞–∫—Ü–∏—è–º–∏ –∏–Ω–æ–π –∫–æ–º–ø–∞–Ω–∏–∏ (–∫—Ä–æ–º–µ –ø—É–±–ª–∏—á–Ω–æ –æ–±—Ä–∞—â–∞—é—â–∏—Ö—Å—è –Ω–∞ –æ—Ä–≥–∞–Ω–∏–∑–æ–≤–∞–Ω–Ω—ã—Ö —Ç–æ—Ä–≥–∞—Ö));

4) –ü–∞—Å–ø–æ—Ä—Ç (–≤—Å–µ —Å—Ç—Ä–∞–Ω–∏—Ü—ã —Å –∑–∞–ø–∏—Å—è–º–∏);

5) –ü—Ä–∏–ø–∏—Å–Ω–æ–µ —Å–≤–∏–¥–µ—Ç–µ–ª—å—Å—Ç–≤–æ / –í–æ–µ–Ω–Ω—ã–π –±–∏–ª–µ—Ç (–≤—Å–µ —Å—Ç—Ä–∞–Ω–∏—Ü—ã —Å –∑–∞–ø–∏—Å—è–º–∏);

6) –°—Ç—É–¥–µ–Ω—á–µ—Å–∫–∏–π –±–∏–ª–µ—Ç (—Å–ø—Ä–∞–≤–∫–∞ –∏–∑ –í–£–ó–∞) / –î–∏–ø–ª–æ–º;

7) –¢—Ä—É–¥–æ–≤–∞—è –∫–Ω–∏–∂–∫–∞ üìñ (–ª–∏–±–æ –∞–∫—Ç—É–∞–ª—å–Ω–∞—è –∫–æ–ø–∏—è);

8) –°–≤–∏–¥–µ—Ç–µ–ª—å—Å—Ç–≤–æ –ü–µ–Ω—Å–∏–æ–Ω–Ω–æ–≥–æ –°—Ç—Ä–∞—Ö–æ–≤–∞–Ω–∏—è (–°–ù–ò–õ–°);

9) –ò–ù–ù.

–§—É—Ö! –í—Å—ë! ü•≥"
2020-09-30;896762328;"–£ —Ç–µ–±—è —É–∂–µ –≥–æ—Ç–æ–≤—ã —ç—Ç–∏ –¥–æ–∫—É–º–µ–Ω—Ç—ã? üßê

1 - –£ –º–µ–Ω—è –Ω–µ —Ö–≤–∞—Ç–∞–µ—Ç —á–∞—Å—Ç–∏ –¥–æ–∫—É–º–µ–Ω—Ç–æ–≤ ü§∑‚Äç‚ôÄÔ∏è

2 - –î–∞, —è –≤—Å–µ —É–∂–µ –ø–æ–¥–≥–æ—Ç–æ–≤–∏–ª"
2020-09-30;1382982303;/start
2020-09-30;1382982303;k
2020-09-30;1382982303;k
2020-09-30;1382982303;–î–ª—è –≤—ã–±–æ—Ä–∞ –≤–∞—Ä–∏–∞–Ω—Ç–∞ –Ω–∞–∂–º–∏ –Ω–∞ —Ü–∏—Ñ—Ä—É. üëá
2020-09-30;896762328;/start
2020-09-30;896762328;–ò—Ä–∞
2020-09-30;896762328;–ò—Ä–∞
2020-09-30;896762328;–î–ª—è –≤—ã–±–æ—Ä–∞ –≤–∞—Ä–∏–∞–Ω—Ç–∞ –Ω–∞–∂–º–∏ –Ω–∞ —Ü–∏—Ñ—Ä—É. üëá
2020-09-30;896762328;"–ü–µ—Ä–µ—á–µ–Ω—å –Ω–µ–æ–±—Ö–æ–¥–∏–º—ã—Ö –¥–æ–∫—É–º–µ–Ω—Ç–æ–≤: ‚ò∫Ô∏è

1) –ê–Ω–∫–µ—Ç–∞ –∏ –°–æ–≥–ª–∞—Å–∏–µ –Ω–∞ –æ–±—Ä–∞–±–æ—Ç–∫—É –ø–µ—Ä—Å–æ–Ω–∞–ª—å–Ω—ã—Ö –¥–∞–Ω–Ω—ã—Ö (–Ω–µ–æ–±—Ö–æ–¥–∏–º–æ —Ä–∞—Å–ø–µ—á–∞—Ç–∞—Ç—å, –ø–æ–¥–ø–∏—Å–∞—Ç—å –æ—Ç —Ä—É–∫–∏ ‚úçÔ∏è –∏ –ø—Ä–∏–ª–æ–∂–∏—Ç—å –≤ –≤–∏–¥–µ —Å–∫–∞–Ω–∞ –∏–ª–∏ —Ñ–æ—Ç–æ);

2) –ü—Ä–∏–ª–æ–∂–µ–Ω–∏–µ –∫ –ê–Ω–∫–µ—Ç–µ –∫–∞–Ω–¥–∏–¥–∞—Ç–∞ (–Ω–µ–æ–±—Ö–æ–¥–∏–º–æ —Ä–∞—Å–ø–µ—á–∞—Ç–∞—Ç—å üñ® , –ø–æ–¥–ø–∏—Å–∞—Ç—å –æ—Ç —Ä—É–∫–∏ –∏ –ø—Ä–∏–ª–æ–∂–∏—Ç—å –≤ –≤–∏–¥–µ —Å–∫–∞–Ω–∞ –∏–ª–∏ —Ñ–æ—Ç–æ);

3) –î–µ–∫–ª–∞—Ä–∞—Ü–∏—è –ö–æ–¥–µ–∫—Å —ç—Ç–∏–∫–∏ (–Ω–µ–æ–±—Ö–æ–¥–∏–º–æ –∑–∞–ø–æ–ª–Ω–∏—Ç—å —Ç–æ–ª—å–∫–æ –≤ —Ç–æ–º —Å–ª—É—á–∞–µ, –µ—Å–ª–∏ –í—ã —è–≤–ª—è–µ—Ç–µ—Å—å —É—á—Ä–µ–¥–∏—Ç–µ–ª–µ–º –ò–ü, –û–û–û, –≤–ª–∞–¥–µ–µ—Ç–µ –¥–æ–ª—è–º–∏, –∞–∫—Ü–∏—è–º–∏ –∏–Ω–æ–π –∫–æ–º–ø–∞–Ω–∏–∏ (–∫—Ä–æ–º–µ –ø—É–±–ª–∏—á–Ω–æ –æ–±—Ä–∞—â–∞—é—â–∏—Ö—Å—è –Ω–∞ –æ—Ä–≥–∞–Ω–∏–∑–æ–≤–∞–Ω–Ω—ã—Ö —Ç–æ—Ä–≥–∞—Ö));

4) –ü–∞—Å–ø–æ—Ä—Ç (–≤—Å–µ —Å—Ç—Ä–∞–Ω–∏—Ü—ã —Å –∑–∞–ø–∏—Å—è–º–∏);

5) –ü—Ä–∏–ø–∏—Å–Ω–æ–µ —Å–≤–∏–¥–µ—Ç–µ–ª—å—Å—Ç–≤–æ / –í–æ–µ–Ω–Ω—ã–π –±–∏–ª–µ—Ç (–≤—Å–µ —Å—Ç—Ä–∞–Ω–∏—Ü—ã —Å –∑–∞–ø–∏—Å—è–º–∏);

6) –°—Ç—É–¥–µ–Ω—á–µ—Å–∫–∏–π –±–∏–ª–µ—Ç (—Å–ø—Ä–∞–≤–∫–∞ –∏–∑ –í–£–ó–∞) / –î–∏–ø–ª–æ–º;

7) –¢—Ä—É–¥–æ–≤–∞—è –∫–Ω–∏–∂–∫–∞ üìñ (–ª–∏–±–æ –∞–∫—Ç—É–∞–ª—å–Ω–∞—è –∫–æ–ø–∏—è);

8) –°–≤–∏–¥–µ—Ç–µ–ª—å—Å—Ç–≤–æ –ü–µ–Ω—Å–∏–æ–Ω–Ω–æ–≥–æ –°—Ç—Ä–∞—Ö–æ–≤–∞–Ω–∏—è (–°–ù–ò–õ–°);

9) –ò–ù–ù.

–§—É—Ö! –í—Å—ë! ü•≥"
2020-09-30;896762328;"–£ —Ç–µ–±—è —É–∂–µ –≥–æ—Ç–æ–≤—ã —ç—Ç–∏ –¥–æ–∫—É–º–µ–Ω—Ç—ã? üßê

1 - –£ –º–µ–Ω—è –Ω–µ —Ö–≤–∞—Ç–∞–µ—Ç —á–∞—Å—Ç–∏ –¥–æ–∫—É–º–µ–Ω—Ç–æ–≤ ü§∑‚Äç‚ôÄÔ∏è

2 - –î–∞, —è –≤—Å–µ —É–∂–µ –ø–æ–¥–≥–æ—Ç–æ–≤–∏–ª"
2020-09-30;896762328;/start
2020-09-30;1382982303;/start
2020-09-30;1382982303;/start
2020-09-30;1382982303;h
2020-09-30;1382982303;h
2020-09-30;1382982303;–î–ª—è –≤—ã–±–æ—Ä–∞ –≤–∞—Ä–∏–∞–Ω—Ç–∞ –Ω–∞–∂–º–∏ –Ω–∞ —Ü–∏—Ñ—Ä—É. üëá
2020-09-30;896762328;/start
2020-09-30;896762328;–ò—Ä–∞
2020-09-30;896762328;–ò—Ä–∞
2020-09-30;896762328;–î–ª—è –≤—ã–±–æ—Ä–∞ –≤–∞—Ä–∏–∞–Ω—Ç–∞ –Ω–∞–∂–º–∏ –Ω–∞ —Ü–∏—Ñ—Ä—É. üëá
2020-09-30;896762328;–î–ª—è –≤—ã–±–æ—Ä–∞ –≤–∞—Ä–∏–∞–Ω—Ç–∞ –Ω–∞–∂–º–∏ –Ω–∞ —Ü–∏—Ñ—Ä—É. üëá
2020-09-30;1382982303;/start
2020-09-30;1382982303;—Ä
2020-09-30;1382982303;—Ä
2020-09-30;1382982303;–î–ª—è –≤—ã–±–æ—Ä–∞ –≤–∞—Ä–∏–∞–Ω—Ç–∞ –Ω–∞–∂–º–∏ –Ω–∞ —Ü–∏—Ñ—Ä—É. üëá
2020-09-30;1382982303;"–ü–µ—Ä–µ—á–µ–Ω—å –Ω–µ–æ–±—Ö–æ–¥–∏–º—ã—Ö –¥–æ–∫—É–º–µ–Ω—Ç–æ–≤: ‚ò∫Ô∏è

1) –ê–Ω–∫–µ—Ç–∞ –∏ –°–æ–≥–ª–∞—Å–∏–µ –Ω–∞ –æ–±—Ä–∞–±–æ—Ç–∫—É –ø–µ—Ä—Å–æ–Ω–∞–ª—å–Ω—ã—Ö –¥–∞–Ω–Ω—ã—Ö (–Ω–µ–æ–±—Ö–æ–¥–∏–º–æ —Ä–∞—Å–ø–µ—á–∞—Ç–∞—Ç—å, –ø–æ–¥–ø–∏—Å–∞—Ç—å –æ—Ç —Ä—É–∫–∏ ‚úçÔ∏è –∏ –ø—Ä–∏–ª–æ–∂–∏—Ç—å –≤ –≤–∏–¥–µ —Å–∫–∞–Ω–∞ –∏–ª–∏ —Ñ–æ—Ç–æ);

2) –ü—Ä–∏–ª–æ–∂–µ–Ω–∏–µ –∫ –ê–Ω–∫–µ—Ç–µ –∫–∞–Ω–¥–∏–¥–∞—Ç–∞ (–Ω–µ–æ–±—Ö–æ–¥–∏–º–æ —Ä–∞—Å–ø–µ—á–∞—Ç–∞—Ç—å üñ® , –ø–æ–¥–ø–∏—Å–∞—Ç—å –æ—Ç —Ä—É–∫–∏ –∏ –ø—Ä–∏–ª–æ–∂–∏—Ç—å –≤ –≤–∏–¥–µ —Å–∫–∞–Ω–∞ –∏–ª–∏ —Ñ–æ—Ç–æ);

3) –î–µ–∫–ª–∞—Ä–∞—Ü–∏—è –ö–æ–¥–µ–∫—Å —ç—Ç–∏–∫–∏ (–Ω–µ–æ–±—Ö–æ–¥–∏–º–æ –∑–∞–ø–æ–ª–Ω–∏—Ç—å —Ç–æ–ª—å–∫–æ –≤ —Ç–æ–º —Å–ª—É—á–∞–µ, –µ—Å–ª–∏ –í—ã —è–≤–ª—è–µ—Ç–µ—Å—å —É—á—Ä–µ–¥–∏—Ç–µ–ª–µ–º –ò–ü, –û–û–û, –≤–ª–∞–¥–µ–µ—Ç–µ –¥–æ–ª—è–º–∏, –∞–∫—Ü–∏—è–º–∏ –∏–Ω–æ–π –∫–æ–º–ø–∞–Ω–∏–∏ (–∫—Ä–æ–º–µ –ø—É–±–ª–∏—á–Ω–æ –æ–±—Ä–∞—â–∞—é—â–∏—Ö—Å—è –Ω–∞ –æ—Ä–≥–∞–Ω–∏–∑–æ–≤–∞–Ω–Ω—ã—Ö —Ç–æ—Ä–≥–∞—Ö));

4) –ü–∞—Å–ø–æ—Ä—Ç (–≤—Å–µ —Å—Ç—Ä–∞–Ω–∏—Ü—ã —Å –∑–∞–ø–∏—Å—è–º–∏);

5) –ü—Ä–∏–ø–∏—Å–Ω–æ–µ —Å–≤–∏–¥–µ—Ç–µ–ª—å—Å—Ç–≤–æ / –í–æ–µ–Ω–Ω—ã–π –±–∏–ª–µ—Ç (–≤—Å–µ —Å—Ç—Ä–∞–Ω–∏—Ü—ã —Å –∑–∞–ø–∏—Å—è–º–∏);

6) –°—Ç—É–¥–µ–Ω—á–µ—Å–∫–∏–π –±–∏–ª–µ—Ç (—Å–ø—Ä–∞–≤–∫–∞ –∏–∑ –í–£–ó–∞) / –î–∏–ø–ª–æ–º;

7) –¢—Ä—É–¥–æ–≤–∞—è –∫–Ω–∏–∂–∫–∞ üìñ (–ª–∏–±–æ –∞–∫—Ç—É–∞–ª—å–Ω–∞—è –∫–æ–ø–∏—è);

8) –°–≤–∏–¥–µ—Ç–µ–ª—å—Å—Ç–≤–æ –ü–µ–Ω—Å–∏–æ–Ω–Ω–æ–≥–æ –°—Ç—Ä–∞—Ö–æ–≤–∞–Ω–∏—è (–°–ù–ò–õ–°);

9) –ò–ù–ù.

–§—É—Ö! –í—Å—ë! ü•≥"
2020-09-30;1382982303;"–£ —Ç–µ–±—è —É–∂–µ –≥–æ—Ç–æ–≤—ã —ç—Ç–∏ –¥–æ–∫—É–º–µ–Ω—Ç—ã? üßê

1 - –£ –º–µ–Ω—è –Ω–µ —Ö–≤–∞—Ç–∞–µ—Ç —á–∞—Å—Ç–∏ –¥–æ–∫—É–º–µ–Ω—Ç–æ–≤ ü§∑‚Äç‚ôÄÔ∏è

2 - –î–∞, —è –≤—Å–µ —É–∂–µ –ø–æ–¥–≥–æ—Ç–æ–≤–∏–ª"
2020-10-01;896762328;/start
2020-10-01;896762328;/start
2020-10-01;896762328;–Ø –≤–∏—Ä—Ç—É–∞–ª—å–Ω—ã–π –ø–æ–º–æ—â–Ω–∏–∫-–Ω–∞—Å—Ç–∞–≤–Ω–∏–∫ –∏ –ø–æ–º–æ–≥–∞—é –Ω–æ–≤—ã–º —Å–æ—Ç—Ä—É–¥–Ω–∏–∫–∞–º –±—ã—Å—Ç—Ä–µ–µ –∞–¥–∞–ø—Ç–∏—Ä–æ–≤–∞—Ç—å—Å—è –∏ –ø–æ–Ω—è—Ç—å, –∫–∞–∫ —É –Ω–∞—Å —Ç—É—Ç –≤—Å–µ —É—Å—Ç—Ä–æ–µ–Ω–æ.
2020-10-01;896762328;/start
2020-10-01;896762328;–Ø –≤–∏—Ä—Ç—É–∞–ª—å–Ω—ã–π –ø–æ–º–æ—â–Ω–∏–∫-–Ω–∞—Å—Ç–∞–≤–Ω–∏–∫ –∏ –ø–æ–º–æ–≥–∞—é –Ω–æ–≤—ã–º —Å–æ—Ç—Ä—É–¥–Ω–∏–∫–∞–º –±—ã—Å—Ç—Ä–µ–µ –∞–¥–∞–ø—Ç–∏—Ä–æ–≤–∞—Ç—å—Å—è –∏ –ø–æ–Ω—è—Ç—å, –∫–∞–∫ —É –Ω–∞—Å —Ç—É—Ç –≤—Å–µ —É—Å—Ç—Ä–æ–µ–Ω–æ.
2020-10-01;896762328;–î–ª—è –≤—ã–±–æ—Ä–∞ –≤–∞—Ä–∏–∞–Ω—Ç–∞ –Ω–∞–∂–º–∏ –Ω–∞ —Ü–∏—Ñ—Ä—É. üëá
2020-10-01;896762328;"–ü–µ—Ä–µ—á–µ–Ω—å –Ω–µ–æ–±—Ö–æ–¥–∏–º—ã—Ö –¥–æ–∫—É–º–µ–Ω—Ç–æ–≤: ‚ò∫Ô∏è

1) –ê–Ω–∫–µ—Ç–∞ –∏ –°–æ–≥–ª–∞—Å–∏–µ –Ω–∞ –æ–±—Ä–∞–±–æ—Ç–∫—É –ø–µ—Ä—Å–æ–Ω–∞–ª—å–Ω—ã—Ö –¥–∞–Ω–Ω—ã—Ö (–Ω–µ–æ–±—Ö–æ–¥–∏–º–æ —Ä–∞—Å–ø–µ—á–∞—Ç–∞—Ç—å, –ø–æ–¥–ø–∏—Å–∞—Ç—å –æ—Ç —Ä—É–∫–∏ ‚úçÔ∏è –∏ –ø—Ä–∏–ª–æ–∂–∏—Ç—å –≤ –≤–∏–¥–µ —Å–∫–∞–Ω–∞ –∏–ª–∏ —Ñ–æ—Ç–æ);

2) –ü—Ä–∏–ª–æ–∂–µ–Ω–∏–µ –∫ –ê–Ω–∫–µ—Ç–µ –∫–∞–Ω–¥–∏–¥–∞—Ç–∞ (–Ω–µ–æ–±—Ö–æ–¥–∏–º–æ —Ä–∞—Å–ø–µ—á–∞—Ç–∞—Ç—å üñ® , –ø–æ–¥–ø–∏—Å–∞—Ç—å –æ—Ç —Ä—É–∫–∏ –∏ –ø—Ä–∏–ª–æ–∂–∏—Ç—å –≤ –≤–∏–¥–µ —Å–∫–∞–Ω–∞ –∏–ª–∏ —Ñ–æ—Ç–æ);

3) –î–µ–∫–ª–∞—Ä–∞—Ü–∏—è –ö–æ–¥–µ–∫—Å —ç—Ç–∏–∫–∏ (–Ω–µ–æ–±—Ö–æ–¥–∏–º–æ –∑–∞–ø–æ–ª–Ω–∏—Ç—å —Ç–æ–ª—å–∫–æ –≤ —Ç–æ–º —Å–ª—É—á–∞–µ, –µ—Å–ª–∏ –í—ã —è–≤–ª—è–µ—Ç–µ—Å—å —É—á—Ä–µ–¥–∏—Ç–µ–ª–µ–º –ò–ü, –û–û–û, –≤–ª–∞–¥–µ–µ—Ç–µ –¥–æ–ª—è–º–∏, –∞–∫—Ü–∏—è–º–∏ –∏–Ω–æ–π –∫–æ–º–ø–∞–Ω–∏–∏ (–∫—Ä–æ–º–µ –ø—É–±–ª–∏—á–Ω–æ –æ–±—Ä–∞—â–∞—é—â–∏—Ö—Å—è –Ω–∞ –æ—Ä–≥–∞–Ω–∏–∑–æ–≤–∞–Ω–Ω—ã—Ö —Ç–æ—Ä–≥–∞—Ö));

4) –ü–∞—Å–ø–æ—Ä—Ç (–≤—Å–µ —Å—Ç—Ä–∞–Ω–∏—Ü—ã —Å –∑–∞–ø–∏—Å—è–º–∏);

5) –ü—Ä–∏–ø–∏—Å–Ω–æ–µ —Å–≤–∏–¥–µ—Ç–µ–ª—å—Å—Ç–≤–æ / –í–æ–µ–Ω–Ω—ã–π –±–∏–ª–µ—Ç (–≤—Å–µ —Å—Ç—Ä–∞–Ω–∏—Ü—ã —Å –∑–∞–ø–∏—Å—è–º–∏);

6) –°—Ç—É–¥–µ–Ω—á–µ—Å–∫–∏–π –±–∏–ª–µ—Ç (—Å–ø—Ä–∞–≤–∫–∞ –∏–∑ –í–£–ó–∞) / –î–∏–ø–ª–æ–º;

7) –¢—Ä—É–¥–æ–≤–∞—è –∫–Ω–∏–∂–∫–∞ üìñ (–ª–∏–±–æ –∞–∫—Ç—É–∞–ª—å–Ω–∞—è –∫–æ–ø–∏—è);

8) –°–≤–∏–¥–µ—Ç–µ–ª—å—Å—Ç–≤–æ –ü–µ–Ω—Å–∏–æ–Ω–Ω–æ–≥–æ –°—Ç—Ä–∞—Ö–æ–≤–∞–Ω–∏—è (–°–ù–ò–õ–°);

9) –ò–ù–ù.

–§—É—Ö! –í—Å—ë! ü•≥"
2020-10-01;896762328;–î–ª—è –≤—ã–±–æ—Ä–∞ –≤–∞—Ä–∏–∞–Ω—Ç–∞ –Ω–∞–∂–º–∏ –Ω–∞ —Ü–∏—Ñ—Ä—É. üëá
2020-10-01;896762328;/start
2020-10-01;896762328;–î–ª—è –≤—ã–±–æ—Ä–∞ –≤–∞—Ä–∏–∞–Ω—Ç–∞ –Ω–∞–∂–º–∏ –Ω–∞ —Ü–∏—Ñ—Ä—É. üëá
2020-10-01;896762328;–î–ª—è –≤—ã–±–æ—Ä–∞ –≤–∞—Ä–∏–∞–Ω—Ç–∞ –Ω–∞–∂–º–∏ –Ω–∞ —Ü–∏—Ñ—Ä—É. üëá
2020-10-01;896762328;"–ü–µ—Ä–µ—á–µ–Ω—å –Ω–µ–æ–±—Ö–æ–¥–∏–º—ã—Ö –¥–æ–∫—É–º–µ–Ω—Ç–æ–≤: ‚ò∫Ô∏è

1) –ê–Ω–∫–µ—Ç–∞ –∏ –°–æ–≥–ª–∞—Å–∏–µ –Ω–∞ –æ–±—Ä–∞–±–æ—Ç–∫—É –ø–µ—Ä—Å–æ–Ω–∞–ª—å–Ω—ã—Ö –¥–∞–Ω–Ω—ã—Ö (–Ω–µ–æ–±—Ö–æ–¥–∏–º–æ —Ä–∞—Å–ø–µ—á–∞—Ç–∞—Ç—å, –ø–æ–¥–ø–∏—Å–∞—Ç—å –æ—Ç —Ä—É–∫–∏ ‚úçÔ∏è –∏ –ø—Ä–∏–ª–æ–∂–∏—Ç—å –≤ –≤–∏–¥–µ —Å–∫–∞–Ω–∞ –∏–ª–∏ —Ñ–æ—Ç–æ);

2) –ü—Ä–∏–ª–æ–∂–µ–Ω–∏–µ –∫ –ê–Ω–∫–µ—Ç–µ –∫–∞–Ω–¥–∏–¥–∞—Ç–∞ (–Ω–µ–æ–±—Ö–æ–¥–∏–º–æ —Ä–∞—Å–ø–µ—á–∞—Ç–∞—Ç—å üñ® , –ø–æ–¥–ø–∏—Å–∞—Ç—å –æ—Ç —Ä—É–∫–∏ –∏ –ø—Ä–∏–ª–æ–∂–∏—Ç—å –≤ –≤–∏–¥–µ —Å–∫–∞–Ω–∞ –∏–ª–∏ —Ñ–æ—Ç–æ);

3) –î–µ–∫–ª–∞—Ä–∞—Ü–∏—è –ö–æ–¥–µ–∫—Å —ç—Ç–∏–∫–∏ (–Ω–µ–æ–±—Ö–æ–¥–∏–º–æ –∑–∞–ø–æ–ª–Ω–∏—Ç—å —Ç–æ–ª—å–∫–æ –≤ —Ç–æ–º —Å–ª—É—á–∞–µ, –µ—Å–ª–∏ –í—ã —è–≤–ª—è–µ—Ç–µ—Å—å —É—á—Ä–µ–¥–∏—Ç–µ–ª–µ–º –ò–ü, –û–û–û, –≤–ª–∞–¥–µ–µ—Ç–µ –¥–æ–ª—è–º–∏, –∞–∫—Ü–∏—è–º–∏ –∏–Ω–æ–π –∫–æ–º–ø–∞–Ω–∏–∏ (–∫—Ä–æ–º–µ –ø—É–±–ª–∏—á–Ω–æ –æ–±—Ä–∞—â–∞—é—â–∏—Ö—Å—è –Ω–∞ –æ—Ä–≥–∞–Ω–∏–∑–æ–≤–∞–Ω–Ω—ã—Ö —Ç–æ—Ä–≥–∞—Ö));

4) –ü–∞—Å–ø–æ—Ä—Ç (–≤—Å–µ —Å—Ç—Ä–∞–Ω–∏—Ü—ã —Å –∑–∞–ø–∏—Å—è–º–∏);

5) –ü—Ä–∏–ø–∏—Å–Ω–æ–µ —Å–≤–∏–¥–µ—Ç–µ–ª—å—Å—Ç–≤–æ / –í–æ–µ–Ω–Ω—ã–π –±–∏–ª–µ—Ç (–≤—Å–µ —Å—Ç—Ä–∞–Ω–∏—Ü—ã —Å –∑–∞–ø–∏—Å—è–º–∏);

6) –°—Ç—É–¥–µ–Ω—á–µ—Å–∫–∏–π –±–∏–ª–µ—Ç (—Å–ø—Ä–∞–≤–∫–∞ –∏–∑ –í–£–ó–∞) / –î–∏–ø–ª–æ–º;

7) –¢—Ä—É–¥–æ–≤–∞—è –∫–Ω–∏–∂–∫–∞ üìñ (–ª–∏–±–æ –∞–∫—Ç—É–∞–ª—å–Ω–∞—è –∫–æ–ø–∏—è);

8) –°–≤–∏–¥–µ—Ç–µ–ª—å—Å—Ç–≤–æ –ü–µ–Ω—Å–∏–æ–Ω–Ω–æ–≥–æ –°—Ç—Ä–∞—Ö–æ–≤–∞–Ω–∏—è (–°–ù–ò–õ–°);

9) –ò–ù–ù.

–§—É—Ö! –í—Å—ë! ü•≥"
2020-10-01;896762328;"–£ —Ç–µ–±—è —É–∂–µ –≥–æ—Ç–æ–≤—ã —ç—Ç–∏ –¥–æ–∫—É–º–µ–Ω—Ç—ã? üßê

1 - –£ –º–µ–Ω—è –Ω–µ —Ö–≤–∞—Ç–∞–µ—Ç —á–∞—Å—Ç–∏ –¥–æ–∫—É–º–µ–Ω—Ç–æ–≤ ü§∑‚Äç‚ôÄÔ∏è

2 - –î–∞, —è –≤—Å–µ —É–∂–µ –ø–æ–¥–≥–æ—Ç–æ–≤–∏–ª"
2020-10-01;896762328;/start
2020-10-01;896762328;–î–ª—è –≤—ã–±–æ—Ä–∞ –≤–∞—Ä–∏–∞–Ω—Ç–∞ –Ω–∞–∂–º–∏ –Ω–∞ —Ü–∏—Ñ—Ä—É. üëá
2020-10-01;896762328;–î–ª—è –≤—ã–±–æ—Ä–∞ –≤–∞—Ä–∏–∞–Ω—Ç–∞ –Ω–∞–∂–º–∏ –Ω–∞ —Ü–∏—Ñ—Ä—É. üëá
2020-10-01;896762328;/start
2020-10-01;896762328;/start
2020-10-01;896762328;–î–ª—è –≤—ã–±–æ—Ä–∞ –≤–∞—Ä–∏–∞–Ω—Ç–∞ –Ω–∞–∂–º–∏ –Ω–∞ —Ü–∏—Ñ—Ä—É. üëá
2020-10-01;896762328;/start
2020-10-01;896762328;/start
2020-10-01;896762328;/start
2020-10-01;896762328;/start
2020-10-01;896762328;/start
2020-10-01;896762328;/start
2020-10-01;896762328;/start
2020-10-01;896762328;–î–ª—è –≤—ã–±–æ—Ä–∞ –≤–∞—Ä–∏–∞–Ω—Ç–∞ –Ω–∞–∂–º–∏ –Ω–∞ —Ü–∏—Ñ—Ä—É. üëá
2020-10-01;896762328;–î–ª—è –≤—ã–±–æ—Ä–∞ –≤–∞—Ä–∏–∞–Ω—Ç–∞ –Ω–∞–∂–º–∏ –Ω–∞ —Ü–∏—Ñ—Ä—É. üëá
2020-10-01;1382982303;/start
2020-10-01;1382982303;/start
2020-10-01;1382982303;hh
2020-10-01;1382982303;hh
2020-10-01;896762328;/start
2020-10-01;896762328;–ò—Ä–∏–Ω–∞
2020-10-01;896762328;–ò—Ä–∏–Ω–∞
2020-10-01;896762328;/start
2020-10-01;896762328;–ü—Ä–∏–≤–µ—Ç
2020-10-01;896762328;–ü—Ä–∏–≤–µ—Ç
2020-10-01;1382982303;/start
2020-10-01;1382982303;h
2020-10-01;1382982303;h
2020-10-01;896762328;/start
2020-10-01;896762328;–û –±–∞–Ω–∫–µ
2020-10-01;896762328;–û –±–∞–Ω–∫–µ
2020-10-01;896762328;/start
2020-10-01;896762328;–î–ª—è –≤—ã–±–æ—Ä–∞ –≤–∞—Ä–∏–∞–Ω—Ç–∞ –Ω–∞–∂–º–∏ –Ω–∞ —Ü–∏—Ñ—Ä—É. üëá
2020-10-01;896762328;–Ø –Ω–µ —Å–æ–∏—Å–∫–∞—Ç–µ–ª—å
2020-10-01;896762328;–Ø –Ω–µ —Å–æ–∏—Å–∫–∞—Ç–µ–ª—å
2020-10-01;896762328;/start
2020-10-01;896762328;–î–ª—è –≤—ã–±–æ—Ä–∞ –≤–∞—Ä–∏–∞–Ω—Ç–∞ –Ω–∞–∂–º–∏ –Ω–∞ —Ü–∏—Ñ—Ä—É. üëá
2020-10-01;896762328;–Ø –Ω–µ —Å–æ–∏—Å–∫–∞—Ç–µ–ª—å
2020-10-01;896762328;–Ø –Ω–µ —Å–æ–∏—Å–∫–∞—Ç–µ–ª—å
2020-10-01;896762328;/start
2020-10-01;896762328;–î–∞–≤–∞–π
2020-10-01;896762328;–î–∞–≤–∞–π
2020-10-01;896762328;–Ø –Ω–µ —Å–æ–∏—Å–∫–∞—Ç–µ–ª—å
2020-10-01;896762328;–Ø –Ω–µ —Å–æ–∏—Å–∫–∞—Ç–µ–ª—å
2020-10-01;896762328;–£—Ä–∞
2020-10-01;896762328;–£—Ä–∞
2020-10-01;896762328;–î–ª—è –≤—ã–±–æ—Ä–∞ –≤–∞—Ä–∏–∞–Ω—Ç–∞ –Ω–∞–∂–º–∏ –Ω–∞ —Ü–∏—Ñ—Ä—É. üëá
2020-10-01;896762328;–°–ø–∞—Å–∏–±–æ
2020-10-01;896762328;–°–ø–∞—Å–∏–±–æ
2020-10-01;896762328;–°—Ç–∞—Ç–∏—Å—Ç–∏–∫–∞ 1 –ø–æ–ª—å–∑–æ–≤–∞—Ç–µ–ª–∏
2020-10-01;896762328;/start
2020-10-01;896762328;–î–ª—è –≤—ã–±–æ—Ä–∞ –≤–∞—Ä–∏–∞–Ω—Ç–∞ –Ω–∞–∂–º–∏ –Ω–∞ —Ü–∏—Ñ—Ä—É. üëá
2020-10-01;896762328;–ü—Ä–∏–≤–µ—Ç
2020-10-01;896762328;–ü—Ä–∏–≤–µ—Ç
2020-10-01;896762328;/start
2020-10-01;896762328;–î–ª—è –≤—ã–±–æ—Ä–∞ –≤–∞—Ä–∏–∞–Ω—Ç–∞ –Ω–∞–∂–º–∏ –Ω–∞ —Ü–∏—Ñ—Ä—É. üëá
2020-10-01;896762328;"–ü–µ—Ä–µ—á–µ–Ω—å –Ω–µ–æ–±—Ö–æ–¥–∏–º—ã—Ö –¥–æ–∫—É–º–µ–Ω—Ç–æ–≤: ‚ò∫Ô∏è

1) –ê–Ω–∫–µ—Ç–∞ –∏ –°–æ–≥–ª–∞—Å–∏–µ –Ω–∞ –æ–±—Ä–∞–±–æ—Ç–∫—É –ø–µ—Ä—Å–æ–Ω–∞–ª—å–Ω—ã—Ö –¥–∞–Ω–Ω—ã—Ö (–Ω–µ–æ–±—Ö–æ–¥–∏–º–æ —Ä–∞—Å–ø–µ—á–∞—Ç–∞—Ç—å, –ø–æ–¥–ø–∏—Å–∞—Ç—å –æ—Ç —Ä—É–∫–∏ ‚úçÔ∏è –∏ –ø—Ä–∏–ª–æ–∂–∏—Ç—å –≤ –≤–∏–¥–µ —Å–∫–∞–Ω–∞ –∏–ª–∏ —Ñ–æ—Ç–æ);

2) –ü—Ä–∏–ª–æ–∂–µ–Ω–∏–µ –∫ –ê–Ω–∫–µ—Ç–µ –∫–∞–Ω–¥–∏–¥–∞—Ç–∞ (–Ω–µ–æ–±—Ö–æ–¥–∏–º–æ —Ä–∞—Å–ø–µ—á–∞—Ç–∞—Ç—å üñ® , –ø–æ–¥–ø–∏—Å–∞—Ç—å –æ—Ç —Ä—É–∫–∏ –∏ –ø—Ä–∏–ª–æ–∂–∏—Ç—å –≤ –≤–∏–¥–µ —Å–∫–∞–Ω–∞ –∏–ª–∏ —Ñ–æ—Ç–æ);

3) –î–µ–∫–ª–∞—Ä–∞—Ü–∏—è –ö–æ–¥–µ–∫—Å —ç—Ç–∏–∫–∏ (–Ω–µ–æ–±—Ö–æ–¥–∏–º–æ –∑–∞–ø–æ–ª–Ω–∏—Ç—å —Ç–æ–ª—å–∫–æ –≤ —Ç–æ–º —Å–ª—É—á–∞–µ, –µ—Å–ª–∏ –í—ã —è–≤–ª—è–µ—Ç–µ—Å—å —É—á—Ä–µ–¥–∏—Ç–µ–ª–µ–º –ò–ü, –û–û–û, –≤–ª–∞–¥–µ–µ—Ç–µ –¥–æ–ª—è–º–∏, –∞–∫—Ü–∏—è–º–∏ –∏–Ω–æ–π –∫–æ–º–ø–∞–Ω–∏–∏ (–∫—Ä–æ–º–µ –ø—É–±–ª–∏—á–Ω–æ –æ–±—Ä–∞—â–∞—é—â–∏—Ö—Å—è –Ω–∞ –æ—Ä–≥–∞–Ω–∏–∑–æ–≤–∞–Ω–Ω—ã—Ö —Ç–æ—Ä–≥–∞—Ö));

4) –ü–∞—Å–ø–æ—Ä—Ç (–≤—Å–µ —Å—Ç—Ä–∞–Ω–∏—Ü—ã —Å –∑–∞–ø–∏—Å—è–º–∏);

5) –ü—Ä–∏–ø–∏—Å–Ω–æ–µ —Å–≤–∏–¥–µ—Ç–µ–ª—å—Å—Ç–≤–æ / –í–æ–µ–Ω–Ω—ã–π –±–∏–ª–µ—Ç (–≤—Å–µ —Å—Ç—Ä–∞–Ω–∏—Ü—ã —Å –∑–∞–ø–∏—Å—è–º–∏);

6) –°—Ç—É–¥–µ–Ω—á–µ—Å–∫–∏–π –±–∏–ª–µ—Ç (—Å–ø—Ä–∞–≤–∫–∞ –∏–∑ –í–£–ó–∞) / –î–∏–ø–ª–æ–º;

7) –¢—Ä—É–¥–æ–≤–∞—è –∫–Ω–∏–∂–∫–∞ üìñ (–ª–∏–±–æ –∞–∫—Ç—É–∞–ª—å–Ω–∞—è –∫–æ–ø–∏—è);

8) –°–≤–∏–¥–µ—Ç–µ–ª—å—Å—Ç–≤–æ –ü–µ–Ω—Å–∏–æ–Ω–Ω–æ–≥–æ –°—Ç—Ä–∞—Ö–æ–≤–∞–Ω–∏—è (–°–ù–ò–õ–°);

9) –ò–ù–ù.

–§—É—Ö! –í—Å—ë! ü•≥"
2020-10-01;896762328;"–£ —Ç–µ–±—è —É–∂–µ –≥–æ—Ç–æ–≤—ã —ç—Ç–∏ –¥–æ–∫—É–º–µ–Ω—Ç—ã? üßê

1 - –£ –º–µ–Ω—è –Ω–µ —Ö–≤–∞—Ç–∞–µ—Ç —á–∞—Å—Ç–∏ –¥–æ–∫—É–º–µ–Ω—Ç–æ–≤ ü§∑‚Äç‚ôÄÔ∏è

2 - –î–∞, —è –≤—Å–µ —É–∂–µ –ø–æ–¥–≥–æ—Ç–æ–≤–∏–ª"
2020-10-01;896762328;–ö—É-–∫—É
2020-10-01;896762328;–ö—É-–∫—É
2020-10-01;896762328;–ì–¥–µ –Ω–∞–π—Ç–∏ –∫–æ–ª–ª–µ–≥?
2020-10-01;896762328;–ì–¥–µ –Ω–∞–π—Ç–∏ –∫–æ–ª–ª–µ–≥?
2020-10-01;896762328;/start
2020-10-01;896762328;–î–ª—è –≤—ã–±–æ—Ä–∞ –≤–∞—Ä–∏–∞–Ω—Ç–∞ –Ω–∞–∂–º–∏ –Ω–∞ —Ü–∏—Ñ—Ä—É. üëá
2020-10-01;896762328;"–ü–µ—Ä–µ—á–µ–Ω—å –Ω–µ–æ–±—Ö–æ–¥–∏–º—ã—Ö –¥–æ–∫—É–º–µ–Ω—Ç–æ–≤: ‚ò∫Ô∏è

1) –ê–Ω–∫–µ—Ç–∞ –∏ –°–æ–≥–ª–∞—Å–∏–µ –Ω–∞ –æ–±—Ä–∞–±–æ—Ç–∫—É –ø–µ—Ä—Å–æ–Ω–∞–ª—å–Ω—ã—Ö –¥–∞–Ω–Ω—ã—Ö (–Ω–µ–æ–±—Ö–æ–¥–∏–º–æ —Ä–∞—Å–ø–µ—á–∞—Ç–∞—Ç—å, –ø–æ–¥–ø–∏—Å–∞—Ç—å –æ—Ç —Ä—É–∫–∏ ‚úçÔ∏è –∏ –ø—Ä–∏–ª–æ–∂–∏—Ç—å –≤ –≤–∏–¥–µ —Å–∫–∞–Ω–∞ –∏–ª–∏ —Ñ–æ—Ç–æ);

2) –ü—Ä–∏–ª–æ–∂–µ–Ω–∏–µ –∫ –ê–Ω–∫–µ—Ç–µ –∫–∞–Ω–¥–∏–¥–∞—Ç–∞ (–Ω–µ–æ–±—Ö–æ–¥–∏–º–æ —Ä–∞—Å–ø–µ—á–∞—Ç–∞—Ç—å üñ® , –ø–æ–¥–ø–∏—Å–∞—Ç—å –æ—Ç —Ä—É–∫–∏ –∏ –ø—Ä–∏–ª–æ–∂–∏—Ç—å –≤ –≤–∏–¥–µ —Å–∫–∞–Ω–∞ –∏–ª–∏ —Ñ–æ—Ç–æ);

3) –î–µ–∫–ª–∞—Ä–∞—Ü–∏—è –ö–æ–¥–µ–∫—Å —ç—Ç–∏–∫–∏ (–Ω–µ–æ–±—Ö–æ–¥–∏–º–æ –∑–∞–ø–æ–ª–Ω–∏—Ç—å —Ç–æ–ª—å–∫–æ –≤ —Ç–æ–º —Å–ª—É—á–∞–µ, –µ—Å–ª–∏ –í—ã —è–≤–ª—è–µ—Ç–µ—Å—å —É—á—Ä–µ–¥–∏—Ç–µ–ª–µ–º –ò–ü, –û–û–û, –≤–ª–∞–¥–µ–µ—Ç–µ –¥–æ–ª—è–º–∏, –∞–∫—Ü–∏—è–º–∏ –∏–Ω–æ–π –∫–æ–º–ø–∞–Ω–∏–∏ (–∫—Ä–æ–º–µ –ø—É–±–ª–∏—á–Ω–æ –æ–±—Ä–∞—â–∞—é—â–∏—Ö—Å—è –Ω–∞ –æ—Ä–≥–∞–Ω–∏–∑–æ–≤–∞–Ω–Ω—ã—Ö —Ç–æ—Ä–≥–∞—Ö));

4) –ü–∞—Å–ø–æ—Ä—Ç (–≤—Å–µ —Å—Ç—Ä–∞–Ω–∏—Ü—ã —Å –∑–∞–ø–∏—Å—è–º–∏);

5) –ü—Ä–∏–ø–∏—Å–Ω–æ–µ —Å–≤–∏–¥–µ—Ç–µ–ª—å—Å—Ç–≤–æ / –í–æ–µ–Ω–Ω—ã–π –±–∏–ª–µ—Ç (–≤—Å–µ —Å—Ç—Ä–∞–Ω–∏—Ü—ã —Å –∑–∞–ø–∏—Å—è–º–∏);

6) –°—Ç—É–¥–µ–Ω—á–µ—Å–∫–∏–π –±–∏–ª–µ—Ç (—Å–ø—Ä–∞–≤–∫–∞ –∏–∑ –í–£–ó–∞) / –î–∏–ø–ª–æ–º;

7) –¢—Ä—É–¥–æ–≤–∞—è –∫–Ω–∏–∂–∫–∞ üìñ (–ª–∏–±–æ –∞–∫—Ç—É–∞–ª—å–Ω–∞—è –∫–æ–ø–∏—è);

8) –°–≤–∏–¥–µ—Ç–µ–ª—å—Å—Ç–≤–æ –ü–µ–Ω—Å–∏–æ–Ω–Ω–æ–≥–æ –°—Ç—Ä–∞—Ö–æ–≤–∞–Ω–∏—è (–°–ù–ò–õ–°);

9) –ò–ù–ù.

–§—É—Ö! –í—Å—ë! ü•≥"
2020-10-01;896762328;"–£ —Ç–µ–±—è —É–∂–µ –≥–æ—Ç–æ–≤—ã —ç—Ç–∏ –¥–æ–∫—É–º–µ–Ω—Ç—ã? üßê

1 - –£ –º–µ–Ω—è –Ω–µ —Ö–≤–∞—Ç–∞–µ—Ç —á–∞—Å—Ç–∏ –¥–æ–∫—É–º–µ–Ω—Ç–æ–≤ ü§∑‚Äç‚ôÄÔ∏è

2 - –î–∞, —è –≤—Å–µ —É–∂–µ –ø–æ–¥–≥–æ—Ç–æ–≤–∏–ª"
2020-10-01;896762328;–°–ø–∞—Å–∏–±–æ
2020-10-01;896762328;–°–ø–∞—Å–∏–±–æ
2020-11-26;1382982303;/start
2020-11-26;1382982303;–î–ª—è –≤—ã–±–æ—Ä–∞ –≤–∞—Ä–∏–∞–Ω—Ç–∞ –Ω–∞–∂–º–∏ –Ω–∞ —Ü–∏—Ñ—Ä—É. üëá
2020-11-26;1382982303;"–ü–µ—Ä–µ—á–µ–Ω—å –Ω–µ–æ–±—Ö–æ–¥–∏–º—ã—Ö –¥–æ–∫—É–º–µ–Ω—Ç–æ–≤: ‚ò∫Ô∏è

1) –ê–Ω–∫–µ—Ç–∞ –∏ –°–æ–≥–ª–∞—Å–∏–µ –Ω–∞ –æ–±—Ä–∞–±–æ—Ç–∫—É –ø–µ—Ä—Å–æ–Ω–∞–ª—å–Ω—ã—Ö –¥–∞–Ω–Ω—ã—Ö (–Ω–µ–æ–±—Ö–æ–¥–∏–º–æ —Ä–∞—Å–ø–µ—á–∞—Ç–∞—Ç—å, –ø–æ–¥–ø–∏—Å–∞—Ç—å –æ—Ç —Ä—É–∫–∏ ‚úçÔ∏è –∏ –ø—Ä–∏–ª–æ–∂–∏—Ç—å –≤ –≤–∏–¥–µ —Å–∫–∞–Ω–∞ –∏–ª–∏ —Ñ–æ—Ç–æ);

2) –ü—Ä–∏–ª–æ–∂–µ–Ω–∏–µ –∫ –ê–Ω–∫–µ—Ç–µ –∫–∞–Ω–¥–∏–¥–∞—Ç–∞ (–Ω–µ–æ–±—Ö–æ–¥–∏–º–æ —Ä–∞—Å–ø–µ—á–∞—Ç–∞—Ç—å üñ® , –ø–æ–¥–ø–∏—Å–∞—Ç—å –æ—Ç —Ä—É–∫–∏ –∏ –ø—Ä–∏–ª–æ–∂–∏—Ç—å –≤ –≤–∏–¥–µ —Å–∫–∞–Ω–∞ –∏–ª–∏ —Ñ–æ—Ç–æ);

3) –î–µ–∫–ª–∞—Ä–∞—Ü–∏—è –ö–æ–¥–µ–∫—Å —ç—Ç–∏–∫–∏ (–Ω–µ–æ–±—Ö–æ–¥–∏–º–æ –∑–∞–ø–æ–ª–Ω–∏—Ç—å —Ç–æ–ª—å–∫–æ –≤ —Ç–æ–º —Å–ª—É—á–∞–µ, –µ—Å–ª–∏ –í—ã —è–≤–ª—è–µ—Ç–µ—Å—å —É—á—Ä–µ–¥–∏—Ç–µ–ª–µ–º –ò–ü, –û–û–û, –≤–ª–∞–¥–µ–µ—Ç–µ –¥–æ–ª—è–º–∏, –∞–∫—Ü–∏—è–º–∏ –∏–Ω–æ–π –∫–æ–º–ø–∞–Ω–∏–∏ (–∫—Ä–æ–º–µ –ø—É–±–ª–∏—á–Ω–æ –æ–±—Ä–∞—â–∞—é—â–∏—Ö—Å—è –Ω–∞ –æ—Ä–≥–∞–Ω–∏–∑–æ–≤–∞–Ω–Ω—ã—Ö —Ç–æ—Ä–≥–∞—Ö));

4) –ü–∞—Å–ø–æ—Ä—Ç (–≤—Å–µ —Å—Ç—Ä–∞–Ω–∏—Ü—ã —Å –∑–∞–ø–∏—Å—è–º–∏);

5) –ü—Ä–∏–ø–∏—Å–Ω–æ–µ —Å–≤–∏–¥–µ—Ç–µ–ª—å—Å—Ç–≤–æ / –í–æ–µ–Ω–Ω—ã–π –±–∏–ª–µ—Ç (–≤—Å–µ —Å—Ç—Ä–∞–Ω–∏—Ü—ã —Å –∑–∞–ø–∏—Å—è–º–∏);

6) –°—Ç—É–¥–µ–Ω—á–µ—Å–∫–∏–π –±–∏–ª–µ—Ç (—Å–ø—Ä–∞–≤–∫–∞ –∏–∑ –í–£–ó–∞) / –î–∏–ø–ª–æ–º;

7) –¢—Ä—É–¥–æ–≤–∞—è –∫–Ω–∏–∂–∫–∞ üìñ (–ª–∏–±–æ –∞–∫—Ç—É–∞–ª—å–Ω–∞—è –∫–æ–ø–∏—è);

8) –°–≤–∏–¥–µ—Ç–µ–ª—å—Å—Ç–≤–æ –ü–µ–Ω—Å–∏–æ–Ω–Ω–æ–≥–æ –°—Ç—Ä–∞—Ö–æ–≤–∞–Ω–∏—è (–°–ù–ò–õ–°);

9) –ò–ù–ù.

–§—É—Ö! –í—Å—ë! ü•≥"
2020-11-26;1382982303;"–£ —Ç–µ–±—è —É–∂–µ –≥–æ—Ç–æ–≤—ã —ç—Ç–∏ –¥–æ–∫—É–º–µ–Ω—Ç—ã? üßê

1 - –£ –º–µ–Ω—è –Ω–µ —Ö–≤–∞—Ç–∞–µ—Ç —á–∞—Å—Ç–∏ –¥–æ–∫—É–º–µ–Ω—Ç–æ–≤ ü§∑‚Äç‚ôÄÔ∏è

2 - –î–∞, —è –≤—Å–µ —É–∂–µ –ø–æ–¥–≥–æ—Ç–æ–≤–∏–ª"
2020-11-26;1382982303;/start
2020-12-25;1382982303;/start
2021-07-23;1382982303;/start
2021-07-23;1382982303;–î–ª—è –≤—ã–±–æ—Ä–∞ –≤–∞—Ä–∏–∞–Ω—Ç–∞ –Ω–∞–∂–º–∏ –Ω–∞ —Ü–∏—Ñ—Ä—É. üëá
2021-07-23;1382982303;"–ü–µ—Ä–µ—á–µ–Ω—å –Ω–µ–æ–±—Ö–æ–¥–∏–º—ã—Ö –¥–æ–∫—É–º–µ–Ω—Ç–æ–≤: ‚ò∫Ô∏è

1) –ê–Ω–∫–µ—Ç–∞ –∏ –°–æ–≥–ª–∞—Å–∏–µ –Ω–∞ –æ–±—Ä–∞–±–æ—Ç–∫—É –ø–µ—Ä—Å–æ–Ω–∞–ª—å–Ω—ã—Ö –¥–∞–Ω–Ω—ã—Ö (–Ω–µ–æ–±—Ö–æ–¥–∏–º–æ —Ä–∞—Å–ø–µ—á–∞—Ç–∞—Ç—å, –ø–æ–¥–ø–∏—Å–∞—Ç—å –æ—Ç —Ä—É–∫–∏ ‚úçÔ∏è –∏ –ø—Ä–∏–ª–æ–∂–∏—Ç—å –≤ –≤–∏–¥–µ —Å–∫–∞–Ω–∞ –∏–ª–∏ —Ñ–æ—Ç–æ);

2) –ü—Ä–∏–ª–æ–∂–µ–Ω–∏–µ –∫ –ê–Ω–∫–µ—Ç–µ –∫–∞–Ω–¥–∏–¥–∞—Ç–∞ (–Ω–µ–æ–±—Ö–æ–¥–∏–º–æ —Ä–∞—Å–ø–µ—á–∞—Ç–∞—Ç—å üñ® , –ø–æ–¥–ø–∏—Å–∞—Ç—å –æ—Ç —Ä—É–∫–∏ –∏ –ø—Ä–∏–ª–æ–∂–∏—Ç—å –≤ –≤–∏–¥–µ —Å–∫–∞–Ω–∞ –∏–ª–∏ —Ñ–æ—Ç–æ);

3) –î–µ–∫–ª–∞—Ä–∞—Ü–∏—è –ö–æ–¥–µ–∫—Å —ç—Ç–∏–∫–∏ (–Ω–µ–æ–±—Ö–æ–¥–∏–º–æ –∑–∞–ø–æ–ª–Ω–∏—Ç—å —Ç–æ–ª—å–∫–æ –≤ —Ç–æ–º —Å–ª—É—á–∞–µ, –µ—Å–ª–∏ –í—ã —è–≤–ª—è–µ—Ç–µ—Å—å —É—á—Ä–µ–¥–∏—Ç–µ–ª–µ–º –ò–ü, –û–û–û, –≤–ª–∞–¥–µ–µ—Ç–µ –¥–æ–ª—è–º–∏, –∞–∫—Ü–∏—è–º–∏ –∏–Ω–æ–π –∫–æ–º–ø–∞–Ω–∏–∏ (–∫—Ä–æ–º–µ –ø—É–±–ª–∏—á–Ω–æ –æ–±—Ä–∞—â–∞—é—â–∏—Ö—Å—è –Ω–∞ –æ—Ä–≥–∞–Ω–∏–∑–æ–≤–∞–Ω–Ω—ã—Ö —Ç–æ—Ä–≥–∞—Ö));

4) –ü–∞—Å–ø–æ—Ä—Ç (–≤—Å–µ —Å—Ç—Ä–∞–Ω–∏—Ü—ã —Å –∑–∞–ø–∏—Å—è–º–∏);

5) –ü—Ä–∏–ø–∏—Å–Ω–æ–µ —Å–≤–∏–¥–µ—Ç–µ–ª—å—Å—Ç–≤–æ / –í–æ–µ–Ω–Ω—ã–π –±–∏–ª–µ—Ç (–≤—Å–µ —Å—Ç—Ä–∞–Ω–∏—Ü—ã —Å –∑–∞–ø–∏—Å—è–º–∏);

6) –°—Ç—É–¥–µ–Ω—á–µ—Å–∫–∏–π –±–∏–ª–µ—Ç (—Å–ø—Ä–∞–≤–∫–∞ –∏–∑ –í–£–ó–∞) / –î–∏–ø–ª–æ–º;

7) –¢—Ä—É–¥–æ–≤–∞—è –∫–Ω–∏–∂–∫–∞ üìñ (–ª–∏–±–æ –∞–∫—Ç—É–∞–ª—å–Ω–∞—è –∫–æ–ø–∏—è);

8) –°–≤–∏–¥–µ—Ç–µ–ª—å—Å—Ç–≤–æ –ü–µ–Ω—Å–∏–æ–Ω–Ω–æ–≥–æ –°—Ç—Ä–∞—Ö–æ–≤–∞–Ω–∏—è (–°–ù–ò–õ–°);

9) –ò–ù–ù.

–§—É—Ö! –í—Å—ë! ü•≥"
2021-07-23;1382982303;"–£ —Ç–µ–±—è —É–∂–µ –≥–æ—Ç–æ–≤—ã —ç—Ç–∏ –¥–æ–∫—É–º–µ–Ω—Ç—ã? üßê

1 - –£ –º–µ–Ω—è –Ω–µ —Ö–≤–∞—Ç–∞–µ—Ç —á–∞—Å—Ç–∏ –¥–æ–∫—É–º–µ–Ω—Ç–æ–≤ ü§∑‚Äç‚ôÄÔ∏è

2 - –î–∞, —è –≤—Å–µ —É–∂–µ –ø–æ–¥–≥–æ—Ç–æ–≤–∏–ª"
2021-07-23;1382982303;/start
2021-07-23;1382982303;–î–ª—è –≤—ã–±–æ—Ä–∞ –≤–∞—Ä–∏–∞–Ω—Ç–∞ –Ω–∞–∂–º–∏ –Ω–∞ —Ü–∏—Ñ—Ä—É. üëá
2021-07-23;1382982303;"–ü–µ—Ä–µ—á–µ–Ω—å –Ω–µ–æ–±—Ö–æ–¥–∏–º—ã—Ö –¥–æ–∫—É–º–µ–Ω—Ç–æ–≤: ‚ò∫Ô∏è

1) –ê–Ω–∫–µ—Ç–∞ –∏ –°–æ–≥–ª–∞—Å–∏–µ –Ω–∞ –æ–±—Ä–∞–±–æ—Ç–∫—É –ø–µ—Ä—Å–æ–Ω–∞–ª—å–Ω—ã—Ö –¥–∞–Ω–Ω—ã—Ö (–Ω–µ–æ–±—Ö–æ–¥–∏–º–æ —Ä–∞—Å–ø–µ—á–∞—Ç–∞—Ç—å, –ø–æ–¥–ø–∏—Å–∞—Ç—å –æ—Ç —Ä—É–∫–∏ ‚úçÔ∏è –∏ –ø—Ä–∏–ª–æ–∂–∏—Ç—å –≤ –≤–∏–¥–µ —Å–∫–∞–Ω–∞ –∏–ª–∏ —Ñ–æ—Ç–æ);

2) –ü—Ä–∏–ª–æ–∂–µ–Ω–∏–µ –∫ –ê–Ω–∫–µ—Ç–µ –∫–∞–Ω–¥–∏–¥–∞—Ç–∞ (–Ω–µ–æ–±—Ö–æ–¥–∏–º–æ —Ä–∞—Å–ø–µ—á–∞—Ç–∞—Ç—å üñ® , –ø–æ–¥–ø–∏—Å–∞—Ç—å –æ—Ç —Ä—É–∫–∏ –∏ –ø—Ä–∏–ª–æ–∂–∏—Ç—å –≤ –≤–∏–¥–µ —Å–∫–∞–Ω–∞ –∏–ª–∏ —Ñ–æ—Ç–æ);

3) –î–µ–∫–ª–∞—Ä–∞—Ü–∏—è –ö–æ–¥–µ–∫—Å —ç—Ç–∏–∫–∏ (–Ω–µ–æ–±—Ö–æ–¥–∏–º–æ –∑–∞–ø–æ–ª–Ω–∏—Ç—å —Ç–æ–ª—å–∫–æ –≤ —Ç–æ–º —Å–ª—É—á–∞–µ, –µ—Å–ª–∏ –í—ã —è–≤–ª—è–µ—Ç–µ—Å—å —É—á—Ä–µ–¥–∏—Ç–µ–ª–µ–º –ò–ü, –û–û–û, –≤–ª–∞–¥–µ–µ—Ç–µ –¥–æ–ª—è–º–∏, –∞–∫—Ü–∏—è–º–∏ –∏–Ω–æ–π –∫–æ–º–ø–∞–Ω–∏–∏ (–∫—Ä–æ–º–µ –ø—É–±–ª–∏—á–Ω–æ –æ–±—Ä–∞—â–∞—é—â–∏—Ö—Å—è –Ω–∞ –æ—Ä–≥–∞–Ω–∏–∑–æ–≤–∞–Ω–Ω—ã—Ö —Ç–æ—Ä–≥–∞—Ö));

4) –ü–∞—Å–ø–æ—Ä—Ç (–≤—Å–µ —Å—Ç—Ä–∞–Ω–∏—Ü—ã —Å –∑–∞–ø–∏—Å—è–º–∏);

5) –ü—Ä–∏–ø–∏—Å–Ω–æ–µ —Å–≤–∏–¥–µ—Ç–µ–ª—å—Å—Ç–≤–æ / –í–æ–µ–Ω–Ω—ã–π –±–∏–ª–µ—Ç (–≤—Å–µ —Å—Ç—Ä–∞–Ω–∏—Ü—ã —Å –∑–∞–ø–∏—Å—è–º–∏);

6) –°—Ç—É–¥–µ–Ω—á–µ—Å–∫–∏–π –±–∏–ª–µ—Ç (—Å–ø—Ä–∞–≤–∫–∞ –∏–∑ –í–£–ó–∞) / –î–∏–ø–ª–æ–º;

7) –¢—Ä—É–¥–æ–≤–∞—è –∫–Ω–∏–∂–∫–∞ üìñ (–ª–∏–±–æ –∞–∫—Ç—É–∞–ª—å–Ω–∞—è –∫–æ–ø–∏—è);

8) –°–≤–∏–¥–µ—Ç–µ–ª—å—Å—Ç–≤–æ –ü–µ–Ω—Å–∏–æ–Ω–Ω–æ–≥–æ –°—Ç—Ä–∞—Ö–æ–≤–∞–Ω–∏—è (–°–ù–ò–õ–°);

9) –ò–ù–ù.

–§—É—Ö! –í—Å—ë! ü•≥"
2021-07-23;1382982303;"–£ —Ç–µ–±—è —É–∂–µ –≥–æ—Ç–æ–≤—ã —ç—Ç–∏ –¥–æ–∫—É–º–µ–Ω—Ç—ã? üßê

1 - –£ –º–µ–Ω—è –Ω–µ —Ö–≤–∞—Ç–∞–µ—Ç —á–∞—Å—Ç–∏ –¥–æ–∫—É–º–µ–Ω—Ç–æ–≤ ü§∑‚Äç‚ôÄÔ∏è

2 - –î–∞, —è –≤—Å–µ —É–∂–µ –ø–æ–¥–≥–æ—Ç–æ–≤–∏–ª"
2021-07-23;1382982303;/start
2021-07-23;1382982303;/start
2021-07-23;1382982303;/start
2021-07-23;1382982303;–î–ª—è –≤—ã–±–æ—Ä–∞ –≤–∞—Ä–∏–∞–Ω—Ç–∞ –Ω–∞–∂–º–∏ –Ω–∞ —Ü–∏—Ñ—Ä—É. üëá
2021-07-23;1382982303;"–ü–µ—Ä–µ—á–µ–Ω—å –Ω–µ–æ–±—Ö–æ–¥–∏–º—ã—Ö –¥–æ–∫—É–º–µ–Ω—Ç–æ–≤: ‚ò∫Ô∏è

1) –ê–Ω–∫–µ—Ç–∞ –∏ –°–æ–≥–ª–∞—Å–∏–µ –Ω–∞ –æ–±—Ä–∞–±–æ—Ç–∫—É –ø–µ—Ä—Å–æ–Ω–∞–ª—å–Ω—ã—Ö –¥–∞–Ω–Ω—ã—Ö (–Ω–µ–æ–±—Ö–æ–¥–∏–º–æ —Ä–∞—Å–ø–µ—á–∞—Ç–∞—Ç—å, –ø–æ–¥–ø–∏—Å–∞—Ç—å –æ—Ç —Ä—É–∫–∏ ‚úçÔ∏è –∏ –ø—Ä–∏–ª–æ–∂–∏—Ç—å –≤ –≤–∏–¥–µ —Å–∫–∞–Ω–∞ –∏–ª–∏ —Ñ–æ—Ç–æ);

2) –ü—Ä–∏–ª–æ–∂–µ–Ω–∏–µ –∫ –ê–Ω–∫–µ—Ç–µ –∫–∞–Ω–¥–∏–¥–∞—Ç–∞ (–Ω–µ–æ–±—Ö–æ–¥–∏–º–æ —Ä–∞—Å–ø–µ—á–∞—Ç–∞—Ç—å üñ® , –ø–æ–¥–ø–∏—Å–∞—Ç—å –æ—Ç —Ä—É–∫–∏ –∏ –ø—Ä–∏–ª–æ–∂–∏—Ç—å –≤ –≤–∏–¥–µ —Å–∫–∞–Ω–∞ –∏–ª–∏ —Ñ–æ—Ç–æ);

3) –î–µ–∫–ª–∞—Ä–∞—Ü–∏—è –ö–æ–¥–µ–∫—Å —ç—Ç–∏–∫–∏ (–Ω–µ–æ–±—Ö–æ–¥–∏–º–æ –∑–∞–ø–æ–ª–Ω–∏—Ç—å —Ç–æ–ª—å–∫–æ –≤ —Ç–æ–º —Å–ª—É—á–∞–µ, –µ—Å–ª–∏ –í—ã —è–≤–ª—è–µ—Ç–µ—Å—å —É—á—Ä–µ–¥–∏—Ç–µ–ª–µ–º –ò–ü, –û–û–û, –≤–ª–∞–¥–µ–µ—Ç–µ –¥–æ–ª—è–º–∏, –∞–∫—Ü–∏—è–º–∏ –∏–Ω–æ–π –∫–æ–º–ø–∞–Ω–∏–∏ (–∫—Ä–æ–º–µ –ø—É–±–ª–∏—á–Ω–æ –æ–±—Ä–∞—â–∞—é—â–∏—Ö—Å—è –Ω–∞ –æ—Ä–≥–∞–Ω–∏–∑–æ–≤–∞–Ω–Ω—ã—Ö —Ç–æ—Ä–≥–∞—Ö));

4) –ü–∞—Å–ø–æ—Ä—Ç (–≤—Å–µ —Å—Ç—Ä–∞–Ω–∏—Ü—ã —Å –∑–∞–ø–∏—Å—è–º–∏);

5) –ü—Ä–∏–ø–∏—Å–Ω–æ–µ —Å–≤–∏–¥–µ—Ç–µ–ª—å—Å—Ç–≤–æ / –í–æ–µ–Ω–Ω—ã–π –±–∏–ª–µ—Ç (–≤—Å–µ —Å—Ç—Ä–∞–Ω–∏—Ü—ã —Å –∑–∞–ø–∏—Å—è–º–∏);

6) –°—Ç—É–¥–µ–Ω—á–µ—Å–∫–∏–π –±–∏–ª–µ—Ç (—Å–ø—Ä–∞–≤–∫–∞ –∏–∑ –í–£–ó–∞) / –î–∏–ø–ª–æ–º;

7) –¢—Ä—É–¥–æ–≤–∞—è –∫–Ω–∏–∂–∫–∞ üìñ (–ª–∏–±–æ –∞–∫—Ç—É–∞–ª—å–Ω–∞—è –∫–æ–ø–∏—è);

8) –°–≤–∏–¥–µ—Ç–µ–ª—å—Å—Ç–≤–æ –ü–µ–Ω—Å–∏–æ–Ω–Ω–æ–≥–æ –°—Ç—Ä–∞—Ö–æ–≤–∞–Ω–∏—è (–°–ù–ò–õ–°);

9) –ò–ù–ù.

–§—É—Ö! –í—Å—ë! ü•≥"
2021-07-23;1382982303;"–£ —Ç–µ–±—è —É–∂–µ –≥–æ—Ç–æ–≤—ã —ç—Ç–∏ –¥–æ–∫—É–º–µ–Ω—Ç—ã? üßê

1 - –£ –º–µ–Ω—è –Ω–µ —Ö–≤–∞—Ç–∞–µ—Ç —á–∞—Å—Ç–∏ –¥–æ–∫—É–º–µ–Ω—Ç–æ–≤ ü§∑‚Äç‚ôÄÔ∏è

2 - –î–∞, —è –≤—Å–µ —É–∂–µ –ø–æ–¥–≥–æ—Ç–æ–≤–∏–ª"
2021-07-23;1382982303;/start
2021-07-23;1382982303;/start
2021-07-23;1382982303;–î–ª—è –≤—ã–±–æ—Ä–∞ –≤–∞—Ä–∏–∞–Ω—Ç–∞ –Ω–∞–∂–º–∏ –Ω–∞ —Ü–∏—Ñ—Ä—É. üëá
2021-07-23;1382982303;"–ü–µ—Ä–µ—á–µ–Ω—å –Ω–µ–æ–±—Ö–æ–¥–∏–º—ã—Ö –¥–æ–∫—É–º–µ–Ω—Ç–æ–≤: ‚ò∫Ô∏è

1) –ê–Ω–∫–µ—Ç–∞ –∏ –°–æ–≥–ª–∞—Å–∏–µ –Ω–∞ –æ–±—Ä–∞–±–æ—Ç–∫—É –ø–µ—Ä—Å–æ–Ω–∞–ª—å–Ω—ã—Ö –¥–∞–Ω–Ω—ã—Ö (–Ω–µ–æ–±—Ö–æ–¥–∏–º–æ —Ä–∞—Å–ø–µ—á–∞—Ç–∞—Ç—å, –ø–æ–¥–ø–∏—Å–∞—Ç—å –æ—Ç —Ä—É–∫–∏ ‚úçÔ∏è –∏ –ø—Ä–∏–ª–æ–∂–∏—Ç—å –≤ –≤–∏–¥–µ —Å–∫–∞–Ω–∞ –∏–ª–∏ —Ñ–æ—Ç–æ);

2) –ü—Ä–∏–ª–æ–∂–µ–Ω–∏–µ –∫ –ê–Ω–∫–µ—Ç–µ –∫–∞–Ω–¥–∏–¥–∞—Ç–∞ (–Ω–µ–æ–±—Ö–æ–¥–∏–º–æ —Ä–∞—Å–ø–µ—á–∞—Ç–∞—Ç—å üñ® , –ø–æ–¥–ø–∏—Å–∞—Ç—å –æ—Ç —Ä—É–∫–∏ –∏ –ø—Ä–∏–ª–æ–∂–∏—Ç—å –≤ –≤–∏–¥–µ —Å–∫–∞–Ω–∞ –∏–ª–∏ —Ñ–æ—Ç–æ);

3) –î–µ–∫–ª–∞—Ä–∞—Ü–∏—è –ö–æ–¥–µ–∫—Å —ç—Ç–∏–∫–∏ (–Ω–µ–æ–±—Ö–æ–¥–∏–º–æ –∑–∞–ø–æ–ª–Ω–∏—Ç—å —Ç–æ–ª—å–∫–æ –≤ —Ç–æ–º —Å–ª—É—á–∞–µ, –µ—Å–ª–∏ –í—ã —è–≤–ª—è–µ—Ç–µ—Å—å —É—á—Ä–µ–¥–∏—Ç–µ–ª–µ–º –ò–ü, –û–û–û, –≤–ª–∞–¥–µ–µ—Ç–µ –¥–æ–ª—è–º–∏, –∞–∫—Ü–∏—è–º–∏ –∏–Ω–æ–π –∫–æ–º–ø–∞–Ω–∏–∏ (–∫—Ä–æ–º–µ –ø—É–±–ª–∏—á–Ω–æ –æ–±—Ä–∞—â–∞—é—â–∏—Ö—Å—è –Ω–∞ –æ—Ä–≥–∞–Ω–∏–∑–æ–≤–∞–Ω–Ω—ã—Ö —Ç–æ—Ä–≥–∞—Ö));

4) –ü–∞—Å–ø–æ—Ä—Ç (–≤—Å–µ —Å—Ç—Ä–∞–Ω–∏—Ü—ã —Å –∑–∞–ø–∏—Å—è–º–∏);

5) –ü—Ä–∏–ø–∏—Å–Ω–æ–µ —Å–≤–∏–¥–µ—Ç–µ–ª—å—Å—Ç–≤–æ / –í–æ–µ–Ω–Ω—ã–π –±–∏–ª–µ—Ç (–≤—Å–µ —Å—Ç—Ä–∞–Ω–∏—Ü—ã —Å –∑–∞–ø–∏—Å—è–º–∏);

6) –°—Ç—É–¥–µ–Ω—á–µ—Å–∫–∏–π –±–∏–ª–µ—Ç (—Å–ø—Ä–∞–≤–∫–∞ –∏–∑ –í–£–ó–∞) / –î–∏–ø–ª–æ–º;

7) –¢—Ä—É–¥–æ–≤–∞—è –∫–Ω–∏–∂–∫–∞ üìñ (–ª–∏–±–æ –∞–∫—Ç—É–∞–ª—å–Ω–∞—è –∫–æ–ø–∏—è);

8) –°–≤–∏–¥–µ—Ç–µ–ª—å—Å—Ç–≤–æ –ü–µ–Ω—Å–∏–æ–Ω–Ω–æ–≥–æ –°—Ç—Ä–∞—Ö–æ–≤–∞–Ω–∏—è (–°–ù–ò–õ–°);

9) –ò–ù–ù.

–§—É—Ö! –í—Å—ë! ü•≥"
2021-07-23;1382982303;"–£ —Ç–µ–±—è —É–∂–µ –≥–æ—Ç–æ–≤—ã —ç—Ç–∏ –¥–æ–∫—É–º–µ–Ω—Ç—ã? üßê

1 - –£ –º–µ–Ω—è –Ω–µ —Ö–≤–∞—Ç–∞–µ—Ç —á–∞—Å—Ç–∏ –¥–æ–∫—É–º–µ–Ω—Ç–æ–≤ ü§∑‚Äç‚ôÄÔ∏è

2 - –î–∞, —è –≤—Å–µ —É–∂–µ –ø–æ–¥–≥–æ—Ç–æ–≤–∏–ª"
2021-07-24;896762328;/start
2021-07-24;896762328;–î–ª—è –≤—ã–±–æ—Ä–∞ –≤–∞—Ä–∏–∞–Ω—Ç–∞ –Ω–∞–∂–º–∏ –Ω–∞ —Ü–∏—Ñ—Ä—É. üëá
2021-07-24;896762328;"–ü–µ—Ä–µ—á–µ–Ω—å –Ω–µ–æ–±—Ö–æ–¥–∏–º—ã—Ö –¥–æ–∫—É–º–µ–Ω—Ç–æ–≤: ‚ò∫Ô∏è

1) –ê–Ω–∫–µ—Ç–∞ –∏ –°–æ–≥–ª–∞—Å–∏–µ –Ω–∞ –æ–±—Ä–∞–±–æ—Ç–∫—É –ø–µ—Ä—Å–æ–Ω–∞–ª—å–Ω—ã—Ö –¥–∞–Ω–Ω—ã—Ö (–Ω–µ–æ–±—Ö–æ–¥–∏–º–æ —Ä–∞—Å–ø–µ—á–∞—Ç–∞—Ç—å, –ø–æ–¥–ø–∏—Å–∞—Ç—å –æ—Ç —Ä—É–∫–∏ ‚úçÔ∏è –∏ –ø—Ä–∏–ª–æ–∂–∏—Ç—å –≤ –≤–∏–¥–µ —Å–∫–∞–Ω–∞ –∏–ª–∏ —Ñ–æ—Ç–æ);

2) –ü—Ä–∏–ª–æ–∂–µ–Ω–∏–µ –∫ –ê–Ω–∫–µ—Ç–µ –∫–∞–Ω–¥–∏–¥–∞—Ç–∞ (–Ω–µ–æ–±—Ö–æ–¥–∏–º–æ —Ä–∞—Å–ø–µ—á–∞—Ç–∞—Ç—å üñ® , –ø–æ–¥–ø–∏—Å–∞—Ç—å –æ—Ç —Ä—É–∫–∏ –∏ –ø—Ä–∏–ª–æ–∂–∏—Ç—å –≤ –≤–∏–¥–µ —Å–∫–∞–Ω–∞ –∏–ª–∏ —Ñ–æ—Ç–æ);

3) –î–µ–∫–ª–∞—Ä–∞—Ü–∏—è –ö–æ–¥–µ–∫—Å —ç—Ç–∏–∫–∏ (–Ω–µ–æ–±—Ö–æ–¥–∏–º–æ –∑–∞–ø–æ–ª–Ω–∏—Ç—å —Ç–æ–ª—å–∫–æ –≤ —Ç–æ–º —Å–ª—É—á–∞–µ, –µ—Å–ª–∏ –í—ã —è–≤–ª—è–µ—Ç–µ—Å—å —É—á—Ä–µ–¥–∏—Ç–µ–ª–µ–º –ò–ü, –û–û–û, –≤–ª–∞–¥–µ–µ—Ç–µ –¥–æ–ª—è–º–∏, –∞–∫—Ü–∏—è–º–∏ –∏–Ω–æ–π –∫–æ–º–ø–∞–Ω–∏–∏ (–∫—Ä–æ–º–µ –ø—É–±–ª–∏—á–Ω–æ –æ–±—Ä–∞—â–∞—é—â–∏—Ö—Å—è –Ω–∞ –æ—Ä–≥–∞–Ω–∏–∑–æ–≤–∞–Ω–Ω—ã—Ö —Ç–æ—Ä–≥–∞—Ö));

4) –ü–∞—Å–ø–æ—Ä—Ç (–≤—Å–µ —Å—Ç—Ä–∞–Ω–∏—Ü—ã —Å –∑–∞–ø–∏—Å—è–º–∏);

5) –ü—Ä–∏–ø–∏—Å–Ω–æ–µ —Å–≤–∏–¥–µ—Ç–µ–ª—å—Å—Ç–≤–æ / –í–æ–µ–Ω–Ω—ã–π –±–∏–ª–µ—Ç (–≤—Å–µ —Å—Ç—Ä–∞–Ω–∏—Ü—ã —Å –∑–∞–ø–∏—Å—è–º–∏);

6) –°—Ç—É–¥–µ–Ω—á–µ—Å–∫–∏–π –±–∏–ª–µ—Ç (—Å–ø—Ä–∞–≤–∫–∞ –∏–∑ –í–£–ó–∞) / –î–∏–ø–ª–æ–º;

7) –¢—Ä—É–¥–æ–≤–∞—è –∫–Ω–∏–∂–∫–∞ üìñ (–ª–∏–±–æ –∞–∫—Ç—É–∞–ª—å–Ω–∞—è –∫–æ–ø–∏—è);

8) –°–≤–∏–¥–µ—Ç–µ–ª—å—Å—Ç–≤–æ –ü–µ–Ω—Å–∏–æ–Ω–Ω–æ–≥–æ –°—Ç—Ä–∞—Ö–æ–≤–∞–Ω–∏—è (–°–ù–ò–õ–°);

9) –ò–ù–ù.

–§—É—Ö! –í—Å—ë! ü•≥"
2021-07-24;896762328;"–£ —Ç–µ–±—è —É–∂–µ –≥–æ—Ç–æ–≤—ã —ç—Ç–∏ –¥–æ–∫—É–º–µ–Ω—Ç—ã? üßê

1 - –£ –º–µ–Ω—è –Ω–µ —Ö–≤–∞—Ç–∞–µ—Ç —á–∞—Å—Ç–∏ –¥–æ–∫—É–º–µ–Ω—Ç–æ–≤ ü§∑‚Äç‚ôÄÔ∏è

2 - –î–∞, —è –≤—Å–µ —É–∂–µ –ø–æ–¥–≥–æ—Ç–æ–≤–∏–ª"
2021-07-24;896762328;/start
2021-07-24;896762328;/start
2021-07-24;896762328;/start
2021-07-24;896762328;–î–ª—è –≤—ã–±–æ—Ä–∞ –≤–∞—Ä–∏–∞–Ω—Ç–∞ –Ω–∞–∂–º–∏ –Ω–∞ —Ü–∏—Ñ—Ä—É. üëá
2021-07-24;896762328;–î–ª—è –≤—ã–±–æ—Ä–∞ –≤–∞—Ä–∏–∞–Ω—Ç–∞ –Ω–∞–∂–º–∏ –Ω–∞ —Ü–∏—Ñ—Ä—É. üëá
2021-07-24;1382982303;/start
2021-07-24;1382982303;/start
2021-07-24;1382982303;/start
2021-07-24;1382982303;/start
2021-07-24;1382982303;/start
2021-07-24;1382982303;/start
2021-07-24;1382982303;/start
2021-07-24;1382982303;/start
2021-07-24;1382982303;/start
2021-07-24;1382982303;gh\
2021-07-24;1382982303;gh\
2021-07-24;1382982303;/start
2021-07-24;1382982303;fg
2021-07-24;1382982303;/start
2021-07-24;1382982303;fg
2021-07-24;1382982303;/start
2021-07-24;1382982303;/start
2021-07-24;1382982303;/start
2021-07-24;1382982303;/start
2021-07-24;1382982303;/start
2021-07-24;1382982303;/start
2021-07-24;1382982303;/start
2021-07-24;1382982303;/start
2021-07-24;1382982303;/start
2021-07-24;1382982303;/start
2021-07-24;1382982303;/start
2021-07-24;1382982303;/start
2021-07-24;896762328;/start
2021-07-24;896762328;–î–ª—è –≤—ã–±–æ—Ä–∞ –≤–∞—Ä–∏–∞–Ω—Ç–∞ –Ω–∞–∂–º–∏ –Ω–∞ —Ü–∏—Ñ—Ä—É. üëá
2021-07-24;896762328;"–ü–µ—Ä–µ—á–µ–Ω—å –Ω–µ–æ–±—Ö–æ–¥–∏–º—ã—Ö –¥–æ–∫—É–º–µ–Ω—Ç–æ–≤: ‚ò∫Ô∏è

1) –ê–Ω–∫–µ—Ç–∞ –∏ –°–æ–≥–ª–∞—Å–∏–µ –Ω–∞ –æ–±—Ä–∞–±–æ—Ç–∫—É –ø–µ—Ä—Å–æ–Ω–∞–ª—å–Ω—ã—Ö –¥–∞–Ω–Ω—ã—Ö (–Ω–µ–æ–±—Ö–æ–¥–∏–º–æ —Ä–∞—Å–ø–µ—á–∞—Ç–∞—Ç—å, –ø–æ–¥–ø–∏—Å–∞—Ç—å –æ—Ç —Ä—É–∫–∏ ‚úçÔ∏è –∏ –ø—Ä–∏–ª–æ–∂–∏—Ç—å –≤ –≤–∏–¥–µ —Å–∫–∞–Ω–∞ –∏–ª–∏ —Ñ–æ—Ç–æ);

2) –ü—Ä–∏–ª–æ–∂–µ–Ω–∏–µ –∫ –ê–Ω–∫–µ—Ç–µ –∫–∞–Ω–¥–∏–¥–∞—Ç–∞ (–Ω–µ–æ–±—Ö–æ–¥–∏–º–æ —Ä–∞—Å–ø–µ—á–∞—Ç–∞—Ç—å üñ® , –ø–æ–¥–ø–∏—Å–∞—Ç—å –æ—Ç —Ä—É–∫–∏ –∏ –ø—Ä–∏–ª–æ–∂–∏—Ç—å –≤ –≤–∏–¥–µ —Å–∫–∞–Ω–∞ –∏–ª–∏ —Ñ–æ—Ç–æ);

3) –î–µ–∫–ª–∞—Ä–∞—Ü–∏—è –ö–æ–¥–µ–∫—Å —ç—Ç–∏–∫–∏ (–Ω–µ–æ–±—Ö–æ–¥–∏–º–æ –∑–∞–ø–æ–ª–Ω–∏—Ç—å —Ç–æ–ª—å–∫–æ –≤ —Ç–æ–º —Å–ª—É—á–∞–µ, –µ—Å–ª–∏ –í—ã —è–≤–ª—è–µ—Ç–µ—Å—å —É—á—Ä–µ–¥–∏—Ç–µ–ª–µ–º –ò–ü, –û–û–û, –≤–ª–∞–¥–µ–µ—Ç–µ –¥–æ–ª—è–º–∏, –∞–∫—Ü–∏—è–º–∏ –∏–Ω–æ–π –∫–æ–º–ø–∞–Ω–∏–∏ (–∫—Ä–æ–º–µ –ø—É–±–ª–∏—á–Ω–æ –æ–±—Ä–∞—â–∞—é—â–∏—Ö—Å—è –Ω–∞ –æ—Ä–≥–∞–Ω–∏–∑–æ–≤–∞–Ω–Ω—ã—Ö —Ç–æ—Ä–≥–∞—Ö));

4) –ü–∞—Å–ø–æ—Ä—Ç (–≤—Å–µ —Å—Ç—Ä–∞–Ω–∏—Ü—ã —Å –∑–∞–ø–∏—Å—è–º–∏);

5) –ü—Ä–∏–ø–∏—Å–Ω–æ–µ —Å–≤–∏–¥–µ—Ç–µ–ª—å—Å—Ç–≤–æ / –í–æ–µ–Ω–Ω—ã–π –±–∏–ª–µ—Ç (–≤—Å–µ —Å—Ç—Ä–∞–Ω–∏—Ü—ã —Å –∑–∞–ø–∏—Å—è–º–∏);

6) –°—Ç—É–¥–µ–Ω—á–µ—Å–∫–∏–π –±–∏–ª–µ—Ç (—Å–ø—Ä–∞–≤–∫–∞ –∏–∑ –í–£–ó–∞) / –î–∏–ø–ª–æ–º;

7) –¢—Ä—É–¥–æ–≤–∞—è –∫–Ω–∏–∂–∫–∞ üìñ (–ª–∏–±–æ –∞–∫—Ç—É–∞–ª—å–Ω–∞—è –∫–æ–ø–∏—è);

8) –°–≤–∏–¥–µ—Ç–µ–ª—å—Å—Ç–≤–æ –ü–µ–Ω—Å–∏–æ–Ω–Ω–æ–≥–æ –°—Ç—Ä–∞—Ö–æ–≤–∞–Ω–∏—è (–°–ù–ò–õ–°);

9) –ò–ù–ù.

–§—É—Ö! –í—Å—ë! ü•≥"
2021-07-24;896762328;"–£ —Ç–µ–±—è —É–∂–µ –≥–æ—Ç–æ–≤—ã —ç—Ç–∏ –¥–æ–∫—É–º–µ–Ω—Ç—ã? üßê

1 - –£ –º–µ–Ω—è –Ω–µ —Ö–≤–∞—Ç–∞–µ—Ç —á–∞—Å—Ç–∏ –¥–æ–∫—É–º–µ–Ω—Ç–æ–≤ ü§∑‚Äç‚ôÄÔ∏è

2 - –î–∞, —è –≤—Å–µ —É–∂–µ –ø–æ–¥–≥–æ—Ç–æ–≤–∏–ª"
2021-07-24;896762328;–ü—Ä–∏–≤–µ—Ç
2021-07-24;896762328;–ü—Ä–∏–≤–µ—Ç
2021-07-24;896762328;–ö–∞–∫ –¥–µ–ª–∞
2021-07-24;896762328;–ö–∞–∫ –¥–µ–ª–∞
2021-07-24;896762328;–ò—Ä–∏–Ω–∞
2021-07-24;896762328;–ò—Ä–∏–Ω–∞
2021-08-08;1382982303;/start
2021-08-08;896762328;/start
2021-08-08;1382982303;/start
2021-08-08;1382982303;/start
2021-08-08;1382982303;/start
2021-08-08;1382982303;/start
2021-08-08;1382982303;/start
2021-08-08;1382982303;/start
2021-08-08;1382982303;/start
2021-08-08;1382982303;/start
2021-08-08;896762328;/start
2021-08-08;896762328;–ö–∞–Ω–∏–∫—É–ª—ã
2021-08-08;896762328;–ö–∞–Ω–∏–∫—É–ª—ã
2021-08-08;1382982303;/start
2021-08-08;1382982303;jjgh
2021-08-08;1382982303;jjgh
2021-08-08;896762328;/start
2021-08-08;896762328;–ö–∞–Ω–∏–∫—É–ª—ã
2021-08-08;896762328;–ö–∞–Ω–∏–∫—É–ª—ã
2021-12-06;896762328;/start
2021-12-06;896762328;–î–ª—è –≤—ã–±–æ—Ä–∞ –≤–∞—Ä–∏–∞–Ω—Ç–∞ –Ω–∞–∂–º–∏ –Ω–∞ —Ü–∏—Ñ—Ä—É. üëá
2021-12-06;896762328;/start
2021-12-06;896762328;–î–ª—è –≤—ã–±–æ—Ä–∞ –≤–∞—Ä–∏–∞–Ω—Ç–∞ –Ω–∞–∂–º–∏ –Ω–∞ —Ü–∏—Ñ—Ä—É. üëá
2021-12-06;896762328;–î–ª—è –≤—ã–±–æ—Ä–∞ –≤–∞—Ä–∏–∞–Ω—Ç–∞ –Ω–∞–∂–º–∏ –Ω–∞ —Ü–∏—Ñ—Ä—É. üëá
2021-12-06;896762328;/start
2021-12-06;896762328;–î–ª—è –≤—ã–±–æ—Ä–∞ –≤–∞—Ä–∏–∞–Ω—Ç–∞ –Ω–∞–∂–º–∏ –Ω–∞ —Ü–∏—Ñ—Ä—É. üëá
2021-12-06;896762328;/start
2021-12-06;896762328;–î–ª—è –≤—ã–±–æ—Ä–∞ –≤–∞—Ä–∏–∞–Ω—Ç–∞ –Ω–∞–∂–º–∏ –Ω–∞ —Ü–∏—Ñ—Ä—É. üëá
2021-12-06;896762328;"–ü–µ—Ä–µ—á–µ–Ω—å –Ω–µ–æ–±—Ö–æ–¥–∏–º—ã—Ö –¥–æ–∫—É–º–µ–Ω—Ç–æ–≤ –≤ –ø–µ—Ä–≤—ã–π —Ä–∞–±–æ—á–∏–π –¥–µ–Ω—å: ‚ò∫Ô∏è

1) –ü–∞—Å–ø–æ—Ä—Ç (–≤—Å–µ —Å—Ç—Ä–∞–Ω–∏—Ü—ã —Å –∑–∞–ø–∏—Å—è–º–∏);

2) –¢—Ä—É–¥–æ–≤–∞—è –∫–Ω–∏–∂–∫–∞ üìñ (–ª–∏–±–æ –∞–∫—Ç—É–∞–ª—å–Ω–∞—è –∫–æ–ø–∏—è);

3) –°–ø—Ä–∞–≤–∫–∏ —Å –ø—Ä–µ–¥—ã–¥—É—â–µ–≥–æ –º–µ—Å—Ç–∞ —Ä–∞–±–æ—Ç—ã."
2021-12-06;896762328;–î–ª—è –≤—ã–±–æ—Ä–∞ –≤–∞—Ä–∏–∞–Ω—Ç–∞ –Ω–∞–∂–º–∏ –Ω–∞ —Ü–∏—Ñ—Ä—É. üëá
2021-12-06;896762328;/start
2022-11-26;1382982303;/start
2022-11-26;1382982303;/start
2022-11-26;896762328;/start
2022-11-26;896762328;/start
2022-11-26;1382982303;/start
2022-11-26;896762328;–î–ª—è –≤—ã–±–æ—Ä–∞ –≤–∞—Ä–∏–∞–Ω—Ç–∞ –Ω–∞–∂–º–∏ –Ω–∞ —Ü–∏—Ñ—Ä—É. üëá
2022-11-26;896762328;–î–ª—è –≤—ã–±–æ—Ä–∞ –≤–∞—Ä–∏–∞–Ω—Ç–∞ –Ω–∞–∂–º–∏ –Ω–∞ —Ü–∏—Ñ—Ä—É. üëá
2022-11-26;896762328;"–ü–µ—Ä–µ—á–µ–Ω—å –Ω–µ–æ–±—Ö–æ–¥–∏–º—ã—Ö –¥–æ–∫—É–º–µ–Ω—Ç–æ–≤ –≤ –ø–µ—Ä–≤—ã–π —Ä–∞–±–æ—á–∏–π –¥–µ–Ω—å: ‚ò∫Ô∏è

1) –ü–∞—Å–ø–æ—Ä—Ç (–≤—Å–µ —Å—Ç—Ä–∞–Ω–∏—Ü—ã —Å –∑–∞–ø–∏—Å—è–º–∏);

2) –¢—Ä—É–¥–æ–≤–∞—è –∫–Ω–∏–∂–∫–∞ üìñ (–ª–∏–±–æ –∞–∫—Ç—É–∞–ª—å–Ω–∞—è –∫–æ–ø–∏—è);

3) –°–ø—Ä–∞–≤–∫–∏ —Å –ø—Ä–µ–¥—ã–¥—É—â–µ–≥–æ –º–µ—Å—Ç–∞ —Ä–∞–±–æ—Ç—ã."
2022-11-26;896762328;"–£ —Ç–µ–±—è —É–∂–µ –≥–æ—Ç–æ–≤—ã —ç—Ç–∏ –¥–æ–∫—É–º–µ–Ω—Ç—ã? üßê

1 - –£ –º–µ–Ω—è –Ω–µ —Ö–≤–∞—Ç–∞–µ—Ç —á–∞—Å—Ç–∏ –¥–æ–∫—É–º–µ–Ω—Ç–æ–≤ ü§∑‚Äç‚ôÄÔ∏è

2 - –î–∞, —è –≤—Å–µ —É–∂–µ –ø–æ–¥–≥–æ—Ç–æ–≤–∏–ª"
2022-11-26;896762328;–î–ª—è –≤—ã–±–æ—Ä–∞ –≤–∞—Ä–∏–∞–Ω—Ç–∞ –Ω–∞–∂–º–∏ –Ω–∞ —Ü–∏—Ñ—Ä—É. üëá
2022-11-26;896762328;–î–ª—è –≤—ã–±–æ—Ä–∞ –≤–∞—Ä–∏–∞–Ω—Ç–∞ –Ω–∞–∂–º–∏ –Ω–∞ —Ü–∏—Ñ—Ä—É. üëá
2022-11-26;896762328;/start
2022-11-26;896762328;–î–ª—è –≤—ã–±–æ—Ä–∞ –≤–∞—Ä–∏–∞–Ω—Ç–∞ –Ω–∞–∂–º–∏ –Ω–∞ —Ü–∏—Ñ—Ä—É. üëá
2022-11-26;896762328;–î–ª—è –≤—ã–±–æ—Ä–∞ –≤–∞—Ä–∏–∞–Ω—Ç–∞ –Ω–∞–∂–º–∏ –Ω–∞ —Ü–∏—Ñ—Ä—É. üëá
2022-11-26;896762328;/start
2022-11-26;896762328;–î–ª—è –≤—ã–±–æ—Ä–∞ –≤–∞—Ä–∏–∞–Ω—Ç–∞ –Ω–∞–∂–º–∏ –Ω–∞ —Ü–∏—Ñ—Ä—É. üëá
2022-11-26;896762328;"–ü–µ—Ä–µ—á–µ–Ω—å –Ω–µ–æ–±—Ö–æ–¥–∏–º—ã—Ö –¥–æ–∫—É–º–µ–Ω—Ç–æ–≤ –≤ –ø–µ—Ä–≤—ã–π —Ä–∞–±–æ—á–∏–π –¥–µ–Ω—å: ‚ò∫Ô∏è

1) –ü–∞—Å–ø–æ—Ä—Ç (–≤—Å–µ —Å—Ç—Ä–∞–Ω–∏—Ü—ã —Å –∑–∞–ø–∏—Å—è–º–∏);

2) –¢—Ä—É–¥–æ–≤–∞—è –∫–Ω–∏–∂–∫–∞ üìñ (–ª–∏–±–æ –∞–∫—Ç—É–∞–ª—å–Ω–∞—è –∫–æ–ø–∏—è);

3) –°–ø—Ä–∞–≤–∫–∏ —Å –ø—Ä–µ–¥—ã–¥—É—â–µ–≥–æ –º–µ—Å—Ç–∞ —Ä–∞–±–æ—Ç—ã."
2022-11-26;896762328;"–£ —Ç–µ–±—è —É–∂–µ –≥–æ—Ç–æ–≤—ã —ç—Ç–∏ –¥–æ–∫—É–º–µ–Ω—Ç—ã? üßê

1 - –£ –º–µ–Ω—è –Ω–µ —Ö–≤–∞—Ç–∞–µ—Ç —á–∞—Å—Ç–∏ –¥–æ–∫—É–º–µ–Ω—Ç–æ–≤ ü§∑‚Äç‚ôÄÔ∏è

2 - –î–∞, —è –≤—Å–µ —É–∂–µ –ø–æ–¥–≥–æ—Ç–æ–≤–∏–ª"
2022-11-26;896762328;/start
2022-11-26;896762328;–î–ª—è –≤—ã–±–æ—Ä–∞ –≤–∞—Ä–∏–∞–Ω—Ç–∞ –Ω–∞–∂–º–∏ –Ω–∞ —Ü–∏—Ñ—Ä—É. üëá
2022-11-26;896762328;"–ü–µ—Ä–µ—á–µ–Ω—å –Ω–µ–æ–±—Ö–æ–¥–∏–º—ã—Ö –¥–æ–∫—É–º–µ–Ω—Ç–æ–≤ –≤ –ø–µ—Ä–≤—ã–π —Ä–∞–±–æ—á–∏–π –¥–µ–Ω—å: ‚ò∫Ô∏è

1) –ü–∞—Å–ø–æ—Ä—Ç (–≤—Å–µ —Å—Ç—Ä–∞–Ω–∏—Ü—ã —Å –∑–∞–ø–∏—Å—è–º–∏);

2) –¢—Ä—É–¥–æ–≤–∞—è –∫–Ω–∏–∂–∫–∞ üìñ (–ª–∏–±–æ –∞–∫—Ç—É–∞–ª—å–Ω–∞—è –∫–æ–ø–∏—è);

3) –°–ø—Ä–∞–≤–∫–∏ —Å –ø—Ä–µ–¥—ã–¥—É—â–µ–≥–æ –º–µ—Å—Ç–∞ —Ä–∞–±–æ—Ç—ã.

4) –°–ù–ò–õ (–ª–∏–±–æ –∫–æ–ø–∏—è)

5) –ò–ù–ù (–ª–∏–±–æ –∫–æ–ø–∏—è)

6) –î–∏–ø–ª–æ–º —Å–æ –≤—Å–µ–º–∏ –≤–ª–æ–∂–µ–Ω–∏—è–º–∏ (–ª–∏–±–æ –∫–æ–ø–∏—è)

–ï—Å–ª–∏ –∞–∫—Ç—É–∞–ª—å–Ω–æ:

7) –°–≤–∏–¥–µ—Ç–µ–ª—å—Å—Ç–≤–æ –æ —Ä–æ–∂–¥–µ–Ω–∏–∏ –¥–µ—Ç–µ–π (–ª–∏–±–æ –∫–æ–ø–∏—è)

8) –î–æ–∫—É–º–µ–Ω—Ç –≤–æ–∏–Ω—Å–∫–æ–≥–æ —É—á—ë—Ç–∞ (–ª–∏–±–æ –∫–æ–ø–∏—è)"
2022-11-26;896762328;"–£ —Ç–µ–±—è —É–∂–µ –≥–æ—Ç–æ–≤—ã —ç—Ç–∏ –¥–æ–∫—É–º–µ–Ω—Ç—ã? üßê

1 - –£ –º–µ–Ω—è –Ω–µ —Ö–≤–∞—Ç–∞–µ—Ç —á–∞—Å—Ç–∏ –¥–æ–∫—É–º–µ–Ω—Ç–æ–≤ ü§∑‚Äç‚ôÄÔ∏è

2 - –î–∞, —è –≤—Å–µ —É–∂–µ –ø–æ–¥–≥–æ—Ç–æ–≤–∏–ª"
2022-11-26;896762328;/start
2022-11-26;896762328;–î–ª—è –≤—ã–±–æ—Ä–∞ –≤–∞—Ä–∏–∞–Ω—Ç–∞ –Ω–∞–∂–º–∏ –Ω–∞ —Ü–∏—Ñ—Ä—É. üëá
2022-11-26;896762328;/start
2022-11-26;896762328;–î–ª—è –≤—ã–±–æ—Ä–∞ –≤–∞—Ä–∏–∞–Ω—Ç–∞ –Ω–∞–∂–º–∏ –Ω–∞ —Ü–∏—Ñ—Ä—É. üëá
2022-11-26;896762328;–î–ª—è –≤—ã–±–æ—Ä–∞ –≤–∞—Ä–∏–∞–Ω—Ç–∞ –Ω–∞–∂–º–∏ –Ω–∞ —Ü–∏—Ñ—Ä—É. üëá
2023-01-06;1382982303;/start
2023-01-06;1382982303;/start
2023-01-06;1382982303;/start
2023-01-06;1382982303;/start
2023-01-06;1382982303;–î–ª—è –≤—ã–±–æ—Ä–∞ –≤–∞—Ä–∏–∞–Ω—Ç–∞ –Ω–∞–∂–º–∏ –Ω–∞ —Ü–∏—Ñ—Ä—É. üëá
2023-01-06;1382982303;–î–ª—è –≤—ã–±–æ—Ä–∞ –≤–∞—Ä–∏–∞–Ω—Ç–∞ –Ω–∞–∂–º–∏ –Ω–∞ —Ü–∏—Ñ—Ä—É. üëá
2023-01-06;1382982303;/start
2023-01-06;1382982303;–î–ª—è –≤—ã–±–æ—Ä–∞ –≤–∞—Ä–∏–∞–Ω—Ç–∞ –Ω–∞–∂–º–∏ –Ω–∞ —Ü–∏—Ñ—Ä—É. üëá
2023-01-06;1382982303;"–ü–µ—Ä–µ—á–µ–Ω—å –Ω–µ–æ–±—Ö–æ–¥–∏–º—ã—Ö –¥–ª—è —Ç—Ä—É–¥–æ—É—Å—Ç—Ä–æ–π—Å—Ç–≤–∞ –¥–æ–∫—É–º–µ–Ω—Ç–æ–≤: ‚ò∫Ô∏è

1) –ü–∞—Å–ø–æ—Ä—Ç (–≤—Å–µ —Å—Ç—Ä–∞–Ω–∏—Ü—ã —Å –∑–∞–ø–∏—Å—è–º–∏);

2) –¢—Ä—É–¥–æ–≤–∞—è –∫–Ω–∏–∂–∫–∞ üìñ (–ª–∏–±–æ –∞–∫—Ç—É–∞–ª—å–Ω–∞—è –∫–æ–ø–∏—è);

3) –°–ø—Ä–∞–≤–∫–∏ —Å –ø—Ä–µ–¥—ã–¥—É—â–µ–≥–æ –º–µ—Å—Ç–∞ —Ä–∞–±–æ—Ç—ã.

–ù–∞–ø—Ä–∞–≤—å —Å–∫–∞–Ω—ã –≤—Å–µ—Ö –¥–æ–∫—É–º–µ–Ω—Ç–æ–≤ —Å–≤–æ–µ–º—É —Ä–µ–∫—Ä—É—Ç–µ—Ä—É –ú–¢–° –§–∏–Ω—Ç–µ—Ö."
2023-01-06;1382982303;"–ü–µ—Ä–µ—á–µ–Ω—å –Ω–µ–æ–±—Ö–æ–¥–∏–º—ã—Ö –¥–ª—è —Ç—Ä—É–¥–æ—É—Å—Ç—Ä–æ–π—Å—Ç–≤–∞ –¥–æ–∫—É–º–µ–Ω—Ç–æ–≤: ‚ò∫Ô∏è

1) –ü–∞—Å–ø–æ—Ä—Ç (–≤—Å–µ —Å—Ç—Ä–∞–Ω–∏—Ü—ã —Å –∑–∞–ø–∏—Å—è–º–∏);

2) –¢—Ä—É–¥–æ–≤–∞—è –∫–Ω–∏–∂–∫–∞ üìñ (–ª–∏–±–æ –∞–∫—Ç—É–∞–ª—å–Ω–∞—è –∫–æ–ø–∏—è);

3) –°–ø—Ä–∞–≤–∫–∏ —Å –ø—Ä–µ–¥—ã–¥—É—â–µ–≥–æ –º–µ—Å—Ç–∞ —Ä–∞–±–æ—Ç—ã.

–ù–∞–ø—Ä–∞–≤—å —Å–∫–∞–Ω—ã –≤—Å–µ—Ö –¥–æ–∫—É–º–µ–Ω—Ç–æ–≤ —Å–≤–æ–µ–º—É —Ä–µ–∫—Ä—É—Ç–µ—Ä—É –ú–¢–° –§–∏–Ω—Ç–µ—Ö."
2023-01-06;1382982303;"–ü–µ—Ä–µ—á–µ–Ω—å –Ω–µ–æ–±—Ö–æ–¥–∏–º—ã—Ö –¥–ª—è —Ç—Ä—É–¥–æ—É—Å—Ç—Ä–æ–π—Å—Ç–≤–∞ –¥–æ–∫—É–º–µ–Ω—Ç–æ–≤: ‚ò∫Ô∏è

1) –ü–∞—Å–ø–æ—Ä—Ç (–≤—Å–µ —Å—Ç—Ä–∞–Ω–∏—Ü—ã —Å –∑–∞–ø–∏—Å—è–º–∏);

2) –¢—Ä—É–¥–æ–≤–∞—è –∫–Ω–∏–∂–∫–∞ üìñ (–ª–∏–±–æ –∞–∫—Ç—É–∞–ª—å–Ω–∞—è –∫–æ–ø–∏—è);

3) –°–ø—Ä–∞–≤–∫–∏ —Å –ø—Ä–µ–¥—ã–¥—É—â–µ–≥–æ –º–µ—Å—Ç–∞ —Ä–∞–±–æ—Ç—ã.

–ù–∞–ø—Ä–∞–≤—å —Å–∫–∞–Ω—ã –≤—Å–µ—Ö –¥–æ–∫—É–º–µ–Ω—Ç–æ–≤ —Å–≤–æ–µ–º—É —Ä–µ–∫—Ä—É—Ç–µ—Ä—É –ú–¢–° –§–∏–Ω—Ç–µ—Ö."
2023-01-06;1382982303;"–ü–µ—Ä–µ—á–µ–Ω—å –Ω–µ–æ–±—Ö–æ–¥–∏–º—ã—Ö –¥–ª—è —Ç—Ä—É–¥–æ—É—Å—Ç—Ä–æ–π—Å—Ç–≤–∞ –¥–æ–∫—É–º–µ–Ω—Ç–æ–≤: ‚ò∫Ô∏è

1) –ü–∞—Å–ø–æ—Ä—Ç (–≤—Å–µ —Å—Ç—Ä–∞–Ω–∏—Ü—ã —Å –∑–∞–ø–∏—Å—è–º–∏);

2) –¢—Ä—É–¥–æ–≤–∞—è –∫–Ω–∏–∂–∫–∞ üìñ (–ª–∏–±–æ –∞–∫—Ç—É–∞–ª—å–Ω–∞—è –∫–æ–ø–∏—è);

3) –°–ø—Ä–∞–≤–∫–∏ —Å –ø—Ä–µ–¥—ã–¥—É—â–µ–≥–æ –º–µ—Å—Ç–∞ —Ä–∞–±–æ—Ç—ã.

–ù–∞–ø—Ä–∞–≤—å —Å–∫–∞–Ω—ã –≤—Å–µ—Ö –¥–æ–∫—É–º–µ–Ω—Ç–æ–≤ —Å–≤–æ–µ–º—É —Ä–µ–∫—Ä—É—Ç–µ—Ä—É –ú–¢–° –§–∏–Ω—Ç–µ—Ö."
2023-01-06;1382982303;/start
2023-01-06;1382982303;–î–ª—è –≤—ã–±–æ—Ä–∞ –≤–∞—Ä–∏–∞–Ω—Ç–∞ –Ω–∞–∂–º–∏ –Ω–∞ —Ü–∏—Ñ—Ä—É. üëá
2023-01-06;1382982303;"–ü–µ—Ä–µ—á–µ–Ω—å –Ω–µ–æ–±—Ö–æ–¥–∏–º—ã—Ö –¥–ª—è —Ç—Ä—É–¥–æ—É—Å—Ç—Ä–æ–π—Å—Ç–≤–∞ –¥–æ–∫—É–º–µ–Ω—Ç–æ–≤: ‚ò∫Ô∏è

1) –ü–∞—Å–ø–æ—Ä—Ç (–≤—Å–µ —Å—Ç—Ä–∞–Ω–∏—Ü—ã —Å –∑–∞–ø–∏—Å—è–º–∏);

2) –¢—Ä—É–¥–æ–≤–∞—è –∫–Ω–∏–∂–∫–∞ üìñ (–ª–∏–±–æ –∞–∫—Ç—É–∞–ª—å–Ω–∞—è –∫–æ–ø–∏—è);

3) –°–ø—Ä–∞–≤–∫–∏ —Å –ø—Ä–µ–¥—ã–¥—É—â–µ–≥–æ –º–µ—Å—Ç–∞ —Ä–∞–±–æ—Ç—ã.

–ù–∞–ø—Ä–∞–≤—å —Å–∫–∞–Ω—ã –≤—Å–µ—Ö –¥–æ–∫—É–º–µ–Ω—Ç–æ–≤ —Å–≤–æ–µ–º—É —Ä–µ–∫—Ä—É—Ç–µ—Ä—É –ú–¢–° –§–∏–Ω—Ç–µ—Ö."
2023-01-06;1382982303;–£ —Ç–µ–±—è —É–∂–µ –≥–æ—Ç–æ–≤—ã —ç—Ç–∏ –¥–æ–∫—É–º–µ–Ω—Ç—ã? üßê
2023-01-06;1382982303;/start
2023-01-06;1382982303;–î–ª—è –≤—ã–±–æ—Ä–∞ –≤–∞—Ä–∏–∞–Ω—Ç–∞ –Ω–∞–∂–º–∏ –Ω–∞ —Ü–∏—Ñ—Ä—É. üëá
2023-01-06;1382982303;/start
2023-01-06;1382982303;–î–ª—è –≤—ã–±–æ—Ä–∞ –≤–∞—Ä–∏–∞–Ω—Ç–∞ –Ω–∞–∂–º–∏ –Ω–∞ —Ü–∏—Ñ—Ä—É. üëá
2023-01-14;896762328;/start
2023-01-14;896762328;–î–ª—è –≤—ã–±–æ—Ä–∞ –≤–∞—Ä–∏–∞–Ω—Ç–∞ –Ω–∞–∂–º–∏ –Ω–∞ —Ü–∏—Ñ—Ä—É. üëá
2023-01-14;896762328;–î–ª—è –≤—ã–±–æ—Ä–∞ –≤–∞—Ä–∏–∞–Ω—Ç–∞ –Ω–∞–∂–º–∏ –Ω–∞ —Ü–∏—Ñ—Ä—É. üëá
2023-01-14;896762328;"–ü–µ—Ä–µ—á–µ–Ω—å –Ω–µ–æ–±—Ö–æ–¥–∏–º—ã—Ö –¥–ª—è —Ç—Ä—É–¥–æ—É—Å—Ç—Ä–æ–π—Å—Ç–≤–∞ –¥–æ–∫—É–º–µ–Ω—Ç–æ–≤: ‚ò∫Ô∏è

1) –ü–∞—Å–ø–æ—Ä—Ç (–≤—Å–µ —Å—Ç—Ä–∞–Ω–∏—Ü—ã —Å –∑–∞–ø–∏—Å—è–º–∏);

2) –¢—Ä—É–¥–æ–≤–∞—è –∫–Ω–∏–∂–∫–∞ üìñ (–ª–∏–±–æ –∞–∫—Ç—É–∞–ª—å–Ω–∞—è –∫–æ–ø–∏—è);

3) –°–ø—Ä–∞–≤–∫–∏ —Å –ø—Ä–µ–¥—ã–¥—É—â–µ–≥–æ –º–µ—Å—Ç–∞ —Ä–∞–±–æ—Ç—ã.

–ù–∞–ø—Ä–∞–≤—å —Å–∫–∞–Ω—ã –≤—Å–µ—Ö –¥–æ–∫—É–º–µ–Ω—Ç–æ–≤ —Å–≤–æ–µ–º—É —Ä–µ–∫—Ä—É—Ç–µ—Ä—É –ú–¢–° –§–∏–Ω—Ç–µ—Ö."
2023-01-14;896762328;–£ —Ç–µ–±—è —É–∂–µ –≥–æ—Ç–æ–≤—ã —ç—Ç–∏ –¥–æ–∫—É–º–µ–Ω—Ç—ã? üßê
2023-01-14;896762328;/start
2023-04-01;1382982303;/start
2023-04-01;1382982303;–î–ª—è –≤—ã–±–æ—Ä–∞ –≤–∞—Ä–∏–∞–Ω—Ç–∞ –Ω–∞–∂–º–∏ –Ω–∞ —Ü–∏—Ñ—Ä—É. üëá
2023-04-01;896762328;/start
2023-04-01;896762328;–î–ª—è –≤—ã–±–æ—Ä–∞ –≤–∞—Ä–∏–∞–Ω—Ç–∞ –Ω–∞–∂–º–∏ –Ω–∞ —Ü–∏—Ñ—Ä—É. üëá
2023-04-01;896762328;"–ü–µ—Ä–µ—á–µ–Ω—å –Ω–µ–æ–±—Ö–æ–¥–∏–º—ã—Ö –¥–æ–∫—É–º–µ–Ω—Ç–æ–≤ –≤ –ø–µ—Ä–≤—ã–π —Ä–∞–±–æ—á–∏–π –¥–µ–Ω—å: ‚ò∫Ô∏è

1) –ü–∞—Å–ø–æ—Ä—Ç (–≤—Å–µ —Å—Ç—Ä–∞–Ω–∏—Ü—ã —Å –∑–∞–ø–∏—Å—è–º–∏);

2) –¢—Ä—É–¥–æ–≤–∞—è –∫–Ω–∏–∂–∫–∞ üìñ (–ª–∏–±–æ –∞–∫—Ç—É–∞–ª—å–Ω–∞—è –∫–æ–ø–∏—è);

3) –°–ø—Ä–∞–≤–∫–∏ —Å –ø—Ä–µ–¥—ã–¥—É—â–µ–≥–æ –º–µ—Å—Ç–∞ —Ä–∞–±–æ—Ç—ã."
2023-07-26;1382982303;/start
2023-07-26;1382982303;–î–ª—è –≤—ã–±–æ—Ä–∞ –≤–∞—Ä–∏–∞–Ω—Ç–∞ –Ω–∞–∂–º–∏ –Ω–∞ —Ü–∏—Ñ—Ä—É. üëá
2023-07-26;1382982303;/start
2023-07-26;1382982303;–î–ª—è –≤—ã–±–æ—Ä–∞ –≤–∞—Ä–∏–∞–Ω—Ç–∞ –Ω–∞–∂–º–∏ –Ω–∞ —Ü–∏—Ñ—Ä—É. üëá
2023-07-26;1382982303;–î–ª—è –≤—ã–±–æ—Ä–∞ –≤–∞—Ä–∏–∞–Ω—Ç–∞ –Ω–∞–∂–º–∏ –Ω–∞ —Ü–∏—Ñ—Ä—É. üëá
2023-07-26;1382982303;"–ü–µ—Ä–µ—á–µ–Ω—å –Ω–µ–æ–±—Ö–æ–¥–∏–º—ã—Ö –¥–ª—è —Ç—Ä—É–¥–æ—É—Å—Ç—Ä–æ–π—Å—Ç–≤–∞ –¥–æ–∫—É–º–µ–Ω—Ç–æ–≤: ‚ò∫Ô∏è

1) –ü–∞—Å–ø–æ—Ä—Ç (–≤—Å–µ —Å—Ç—Ä–∞–Ω–∏—Ü—ã —Å –∑–∞–ø–∏—Å—è–º–∏);

2) –¢—Ä—É–¥–æ–≤–∞—è –∫–Ω–∏–∂–∫–∞ üìñ (–ª–∏–±–æ –∞–∫—Ç—É–∞–ª—å–Ω–∞—è –∫–æ–ø–∏—è);

3) –°–ø—Ä–∞–≤–∫–∏ —Å –ø—Ä–µ–¥—ã–¥—É—â–µ–≥–æ –º–µ—Å—Ç–∞ —Ä–∞–±–æ—Ç—ã.

–ù–∞–ø—Ä–∞–≤—å —Å–∫–∞–Ω—ã –≤—Å–µ—Ö –¥–æ–∫—É–º–µ–Ω—Ç–æ–≤ —Å–≤–æ–µ–º—É —Ä–µ–∫—Ä—É—Ç–µ—Ä—É –ú–¢–° –§–∏–Ω—Ç–µ—Ö –Ω–∞ —ç–ª–µ–∫—Ç—Ä–æ–Ω–Ω—É—é –ø–æ—á—Ç—É."
2023-07-26;1382982303;"–£ —Ç–µ–±—è —É–∂–µ –≥–æ—Ç–æ–≤—ã —ç—Ç–∏ –¥–æ–∫—É–º–µ–Ω—Ç—ã? üßê

1 - –£ –º–µ–Ω—è –Ω–µ —Ö–≤–∞—Ç–∞–µ—Ç —á–∞—Å—Ç–∏ –¥–æ–∫—É–º–µ–Ω—Ç–æ–≤ ü§∑‚Äç‚ôÄÔ∏è

2 - –î–∞, —è –≤—Å–µ —É–∂–µ –ø–æ–¥–≥–æ—Ç–æ–≤–∏–ª"
2023-07-26;1382982303;/start
2023-07-26;1382982303;/start
2023-07-26;1382982303;–î–ª—è –≤—ã–±–æ—Ä–∞ –≤–∞—Ä–∏–∞–Ω—Ç–∞ –Ω–∞–∂–º–∏ –Ω–∞ —Ü–∏—Ñ—Ä—É. üëá
2023-07-26;1382982303;–î–ª—è –≤—ã–±–æ—Ä–∞ –≤–∞—Ä–∏–∞–Ω—Ç–∞ –Ω–∞–∂–º–∏ –Ω–∞ —Ü–∏—Ñ—Ä—É. üëá
2023-07-26;1382982303;"–ü–µ—Ä–µ—á–µ–Ω—å –Ω–µ–æ–±—Ö–æ–¥–∏–º—ã—Ö –¥–æ–∫—É–º–µ–Ω—Ç–æ–≤ –≤ –ø–µ—Ä–≤—ã–π —Ä–∞–±–æ—á–∏–π –¥–µ–Ω—å: ‚ò∫Ô∏è

1) –ü–∞—Å–ø–æ—Ä—Ç (–≤—Å–µ —Å—Ç—Ä–∞–Ω–∏—Ü—ã —Å –∑–∞–ø–∏—Å—è–º–∏);

2) –¢—Ä—É–¥–æ–≤–∞—è –∫–Ω–∏–∂–∫–∞ üìñ (–ª–∏–±–æ –∞–∫—Ç—É–∞–ª—å–Ω–∞—è –∫–æ–ø–∏—è);

3) –°–ø—Ä–∞–≤–∫–∏ —Å –ø—Ä–µ–¥—ã–¥—É—â–µ–≥–æ –º–µ—Å—Ç–∞ —Ä–∞–±–æ—Ç—ã.

4) –°–ù–ò–õ (–ª–∏–±–æ –∫–æ–ø–∏—è)

5) –ò–ù–ù (–ª–∏–±–æ –∫–æ–ø–∏—è)

6) –î–∏–ø–ª–æ–º —Å–æ –≤—Å–µ–º–∏ –≤–ª–æ–∂–µ–Ω–∏—è–º–∏ (–ª–∏–±–æ –∫–æ–ø–∏—è)

–ï—Å–ª–∏ –∞–∫—Ç—É–∞–ª—å–Ω–æ:

7) –°–≤–∏–¥–µ—Ç–µ–ª—å—Å—Ç–≤–æ –æ —Ä–æ–∂–¥–µ–Ω–∏–∏ –¥–µ—Ç–µ–π (–ª–∏–±–æ –∫–æ–ø–∏—è)

8) –î–æ–∫—É–º–µ–Ω—Ç –≤–æ–∏–Ω—Å–∫–æ–≥–æ —É—á—ë—Ç–∞ (–ª–∏–±–æ –∫–æ–ø–∏—è)"
2023-07-26;1382982303;"–£ —Ç–µ–±—è —É–∂–µ –≥–æ—Ç–æ–≤—ã —ç—Ç–∏ –¥–æ–∫—É–º–µ–Ω—Ç—ã? üßê

1 - –£ –º–µ–Ω—è –Ω–µ —Ö–≤–∞—Ç–∞–µ—Ç —á–∞—Å—Ç–∏ –¥–æ–∫—É–º–µ–Ω—Ç–æ–≤ ü§∑‚Äç‚ôÄÔ∏è

2 - –î–∞, —è –≤—Å–µ —É–∂–µ –ø–æ–¥–≥–æ—Ç–æ–≤–∏–ª"
2023-07-26;1382982303;/start
2023-07-26;1382982303;–î–ª—è –≤—ã–±–æ—Ä–∞ –≤–∞—Ä–∏–∞–Ω—Ç–∞ –Ω–∞–∂–º–∏ –Ω–∞ —Ü–∏—Ñ—Ä—É. üëá
2023-07-26;1382982303;"–ü–µ—Ä–µ—á–µ–Ω—å –Ω–µ–æ–±—Ö–æ–¥–∏–º—ã—Ö –¥–ª—è —Ç—Ä—É–¥–æ—É—Å—Ç—Ä–æ–π—Å—Ç–≤–∞ –¥–æ–∫—É–º–µ–Ω—Ç–æ–≤: ‚ò∫Ô∏è

1) –ü–∞—Å–ø–æ—Ä—Ç (–≤—Å–µ —Å—Ç—Ä–∞–Ω–∏—Ü—ã —Å –∑–∞–ø–∏—Å—è–º–∏);

2) –¢—Ä—É–¥–æ–≤–∞—è –∫–Ω–∏–∂–∫–∞ üìñ (–ª–∏–±–æ –∞–∫—Ç—É–∞–ª—å–Ω–∞—è –∫–æ–ø–∏—è);

3) –°–ø—Ä–∞–≤–∫–∏ —Å –ø—Ä–µ–¥—ã–¥—É—â–µ–≥–æ –º–µ—Å—Ç–∞ —Ä–∞–±–æ—Ç—ã.

–ù–∞–ø—Ä–∞–≤—å —Å–∫–∞–Ω—ã –≤—Å–µ—Ö –¥–æ–∫—É–º–µ–Ω—Ç–æ–≤ —Å–≤–æ–µ–º—É —Ä–µ–∫—Ä—É—Ç–µ—Ä—É –ú–¢–° –§–∏–Ω—Ç–µ—Ö –Ω–∞ —ç–ª–µ–∫—Ç—Ä–æ–Ω–Ω—É—é –ø–æ—á—Ç—É."
2023-07-26;1382982303;–£ —Ç–µ–±—è —É–∂–µ –≥–æ—Ç–æ–≤—ã —ç—Ç–∏ –¥–æ–∫—É–º–µ–Ω—Ç—ã? üßê
2023-07-26;1382982303;–î–ª—è –≤—ã–±–æ—Ä–∞ –≤–∞—Ä–∏–∞–Ω—Ç–∞ –Ω–∞–∂–º–∏ –Ω–∞ —Ü–∏—Ñ—Ä—É. üëá
2023-07-26;1382982303;/start
2023-07-30;1382982303;/start
2023-07-30;1382982303;–î–ª—è –≤—ã–±–æ—Ä–∞ –≤–∞—Ä–∏–∞–Ω—Ç–∞ –Ω–∞–∂–º–∏ –Ω–∞ —Ü–∏—Ñ—Ä—É. üëá
2023-07-30;1382982303;"–ü–µ—Ä–µ—á–µ–Ω—å –Ω–µ–æ–±—Ö–æ–¥–∏–º—ã—Ö –¥–ª—è —Ç—Ä—É–¥–æ—É—Å—Ç—Ä–æ–π—Å—Ç–≤–∞ –¥–æ–∫—É–º–µ–Ω—Ç–æ–≤: ‚ò∫Ô∏è

1) –ü–∞—Å–ø–æ—Ä—Ç (–≤—Å–µ —Å—Ç—Ä–∞–Ω–∏—Ü—ã —Å –∑–∞–ø–∏—Å—è–º–∏);

2) –¢—Ä—É–¥–æ–≤–∞—è –∫–Ω–∏–∂–∫–∞ üìñ (–ª–∏–±–æ –∞–∫—Ç—É–∞–ª—å–Ω–∞—è –∫–æ–ø–∏—è);

3) –°–ø—Ä–∞–≤–∫–∏ —Å –ø—Ä–µ–¥—ã–¥—É—â–µ–≥–æ –º–µ—Å—Ç–∞ —Ä–∞–±–æ—Ç—ã.

–ù–∞–ø—Ä–∞–≤—å —Å–∫–∞–Ω—ã –≤—Å–µ—Ö –¥–æ–∫—É–º–µ–Ω—Ç–æ–≤ —Å–≤–æ–µ–º—É —Ä–µ–∫—Ä—É—Ç–µ—Ä—É –ú–¢–° –§–∏–Ω—Ç–µ—Ö –Ω–∞ —ç–ª–µ–∫—Ç—Ä–æ–Ω–Ω—É—é –ø–æ—á—Ç—É."
2023-07-30;1382982303;/start
2023-07-30;1382982303;/start
2023-07-30;1382982303;/start
2023-07-30;1382982303;/start
2023-07-30;1382982303;/start
2023-07-30;1382982303;/start
2023-07-30;1382982303;/start
2023-07-30;896762328;/start
2023-07-30;896762328;–î–ª—è –≤—ã–±–æ—Ä–∞ –≤–∞—Ä–∏–∞–Ω—Ç–∞ –Ω–∞–∂–º–∏ –Ω–∞ —Ü–∏—Ñ—Ä—É. üëá
2023-07-30;896762328;–î–ª—è –≤—ã–±–æ—Ä–∞ –≤–∞—Ä–∏–∞–Ω—Ç–∞ –Ω–∞–∂–º–∏ –Ω–∞ —Ü–∏—Ñ—Ä—É. üëá
2023-07-30;1382982303;/start
2023-07-30;1382982303;/start
2023-07-30;1382982303;/start
2023-07-30;896762328;/start
2023-07-30;896762328;/start
2023-07-30;896762328;/start
2023-08-03;1382982303;/start
2023-08-03;896762328;/start
2023-08-03;896762328;/start
2023-08-03;896762328;/start
2023-08-03;1382982303;/start
2023-08-03;1382982303;/start
2023-08-03;1382982303;/start
2023-10-15;1382982303;/start
2023-10-15;1382982303;–î–ª—è –≤—ã–±–æ—Ä–∞ –≤–∞—Ä–∏–∞–Ω—Ç–∞ –Ω–∞–∂–º–∏ –Ω–∞ —Ü–∏—Ñ—Ä—É. üëá
2023-10-15;1382982303;–î–ª—è –≤—ã–±–æ—Ä–∞ –≤–∞—Ä–∏–∞–Ω—Ç–∞ –Ω–∞–∂–º–∏ –Ω–∞ —Ü–∏—Ñ—Ä—É. üëá
2023-10-15;1382982303;–î–ª—è –≤—ã–±–æ—Ä–∞ –≤–∞—Ä–∏–∞–Ω—Ç–∞ –Ω–∞–∂–º–∏ –Ω–∞ —Ü–∏—Ñ—Ä—É. üëá
2023-10-15;1382982303;/start
2023-10-15;1382982303;–î–ª—è –≤—ã–±–æ—Ä–∞ –≤–∞—Ä–∏–∞–Ω—Ç–∞ –Ω–∞–∂–º–∏ –Ω–∞ —Ü–∏—Ñ—Ä—É. üëá
2023-10-15;1382982303;–î–ª—è –≤—ã–±–æ—Ä–∞ –≤–∞—Ä–∏–∞–Ω—Ç–∞ –Ω–∞–∂–º–∏ –Ω–∞ —Ü–∏—Ñ—Ä—É. üëá
2023-10-15;1382982303;/start
2023-10-15;896762328;/start
2023-10-15;896762328;–î–ª—è –≤—ã–±–æ—Ä–∞ –≤–∞—Ä–∏–∞–Ω—Ç–∞ –Ω–∞–∂–º–∏ –Ω–∞ —Ü–∏—Ñ—Ä—É. üëá
2023-10-15;896762328;–î–ª—è –≤—ã–±–æ—Ä–∞ –≤–∞—Ä–∏–∞–Ω—Ç–∞ –Ω–∞–∂–º–∏ –Ω–∞ —Ü–∏—Ñ—Ä—É. üëá
2023-10-15;896762328;/start
2023-10-29;1382982303;/start
2023-10-29;896762328;/start
2023-10-29;896762328;–î–ª—è –≤—ã–±–æ—Ä–∞ –≤–∞—Ä–∏–∞–Ω—Ç–∞ –Ω–∞–∂–º–∏ –Ω–∞ —Ü–∏—Ñ—Ä—É. üëá
2023-10-29;1382982303;/start
2023-10-29;1382982303;–î–ª—è –≤—ã–±–æ—Ä–∞ –≤–∞—Ä–∏–∞–Ω—Ç–∞ –Ω–∞–∂–º–∏ –Ω–∞ —Ü–∏—Ñ—Ä—É. üëá
2023-10-29;1382982303;–î–ª—è –≤—ã–±–æ—Ä–∞ –≤–∞—Ä–∏–∞–Ω—Ç–∞ –Ω–∞–∂–º–∏ –Ω–∞ —Ü–∏—Ñ—Ä—É. üëá
2023-10-29;1382982303;–î–ª—è –≤—ã–±–æ—Ä–∞ –≤–∞—Ä–∏–∞–Ω—Ç–∞ –Ω–∞–∂–º–∏ –Ω–∞ —Ü–∏—Ñ—Ä—É. üëá
2024-01-24;896762328;/start
2024-01-24;896762328;/start
